PUBCHEM_RESULT_TAG,PUBCHEM_SID,PUBCHEM_CID,PUBCHEM_EXT_DATASOURCE_SMILES,Potency,Efficacy,Fit_HillSlope,Fit_R2,Fit_InfiniteActivity,Fit_ZeroActivity,Fit_CurveClass,Excluded_Points,Max_Response,Activity at 0.049 uM,Activity at 0.111 uM,Activity at 0.223 uM,Activity at 0.391 uM,Activity at 0.446 uM,Activity at 0.890 uM,Activity at 1.786 uM,Activity at 3.125 uM,Activity at 3.571 uM,Activity at 6.250 uM,Activity at 7.143 uM,Activity at 14.27 uM,Activity at 28.53 uM,Activity at 50.00 uM,Activity at 57.14 uM,Activity at 100.00 uM
RESULT_TYPE,,,,FLOAT,FLOAT,FLOAT,FLOAT,FLOAT,FLOAT,FLOAT,STRING,FLOAT,FLOAT,FLOAT,FLOAT,FLOAT,FLOAT,FLOAT,FLOAT,FLOAT,FLOAT,FLOAT,FLOAT,FLOAT,FLOAT,FLOAT,FLOAT,FLOAT
RESULT_DESCR,,,,"Concentration at which compound exhibits half-maximal efficacy, AC50. Extrapolated AC50s also include the highest efficacy observed and the concentration of compound at which it was observed.","Maximal efficacy of compound, reported as a percentage of control. These values are estimated based on fits of the Hill equation to the dose-response curves.",The Hill slope from a fit of the data to the Hill equation.,R^2 fit value of the curve. Closer to 1.0 equates to better Hill equation fit.,The asymptotic efficacy from a fit of the data to the Hill equation.,Efficacy at zero concentration of compound from a fit of the data to the Hill equation.,Numerical encoding of curve description for the fitted Hill equation.,"Which dose-response titration points were excluded from analysis based on outlier analysis. Each number represents whether a titration point was (1) or was not (0) excluded, for the titration series going from smallest to highest compound concentrations.",Maximum activity observed for compound (usually at highest concentration tested).,% Activity at given concentration.,% Activity at given concentration.,% Activity at given concentration.,% Activity at given concentration.,% Activity at given concentration.,% Activity at given concentration.,% Activity at given concentration.,% Activity at given concentration.,% Activity at given concentration.,% Activity at given concentration.,% Activity at given concentration.,% Activity at given concentration.,% Activity at given concentration.,% Activity at given concentration.,% Activity at given concentration.,% Activity at given concentration.
RESULT_UNIT,,,,MICROMOLAR,PERCENT,NONE,NONE,PERCENT,PERCENT,NONE,,PERCENT,PERCENT,PERCENT,PERCENT,PERCENT,PERCENT,PERCENT,PERCENT,PERCENT,PERCENT,PERCENT,PERCENT,PERCENT,PERCENT,PERCENT,PERCENT,PERCENT
RESULT_ATTR_CONC_MICROMOL,,,,,,,,,,,,,0.0488281,0.111275,0.223114,0.390625,0.446286,0.890198,1.78604,3.125,3.57143,6.25,7.14286,14.2667,28.5333,50,57.1429,100
,57288369,681,C1=CC(=C(C=C1CCN)O)O,,,,,,,4,,-14.1318,-8.0911,-1.0428,-1.6967,0.5214,,-8.3927,-10.1629,-12.4415,,-13.7672,,-13.2004,-12.2313,-11.3941,,-17.2296
,11114056,2415,CC1=C(C2=C(N1C(=O)C3=CC=C(C=C3)Cl)C=CC(=C2)OC)CC(=O)N4CCOCC4,,,,,,,4,,-3.6838,-5.6088,3.2282,4.7119,3.2989,,3.3877,-3.6287,1.4799,,-26.8777,,-1.8262,-5.9959,-1.2263,,-5.2577
,26750001,3698,C1=CN=CC=C1C2=CNC(=O)C(=C2)N,,,,,,,4,,-4.2735,-0.355,-3.1473,-2.0704,0.9106,,4.661,1.1867,0.8071,,3.1334,,12.1339,27.8375,-3.8376,,0.8242
,11114110,4197,CC1=C(C=C(C(=O)N1)C#N)C2=CC=NC=C2,,,,,,,4,,0.9608,-7.6409,-4.1266,4.5022,-2.0316,,0.1529,-6.2641,-5.1706,,-0.9539,,2.7727,0.2969,7.5399,,2.4496
,57288368,5814,C1=CC(=C(C=C1[C@@H](CN)O)O)O,,,,,,,4,,-5.9156,-0.7681,-2.0037,-0.7884,-4.1272,,-4.0827,-7.5972,-4.9288,,-5.7239,,-0.9327,-2.8614,-4.6038,,-7.4418
,57288366,7595,C1=CC=C(C=C1)NC(=O)NC2=CC=CC=C2,,,,,,,4,,-7.659,-11.0653,-10.1698,-6.8753,-6.1871,,-8.7824,-5.0059,-6.872,,-6.1019,,-3.2319,-5.8384,-0.1116,,-10.889
,50110739,24302,CC1=NC2=CC=CC=C2OC1=O,,,,,,,4,,18.3942,7.6931,5.0115,12.1605,6.8432,,8.5023,10.2532,9.8978,,10.6003,,16.1261,11.9736,9.9889,,11.231
,57288371,439260,C1=CC(=C(C=C1[C@H](CN)O)O)O,6.3096,42.4227,1.1,0.9308,-42.1322,0.2905,-1.2,0 0 0 0 0 0 0 0 0 0 0 0 0 0 0 0 0 0 0 0 0 1 0 0,-42.5659,-2.0386,-0.5755,-3.0222,-0.848,,-0.4947,-3.4247,-14.7278,,-23.4727,,-28.6159,-32.8815,-24.07,,-43.0047
,845471,647821,CCOC(=O)C1=NN(C(=O)C2=C(SC=C21)N)C3=CC=CC=C3,,,,,,,4,,5.6423,12.2136,11.6257,18.5795,15.5831,,23.7559,17.2552,32.7791,,27.1318,,15.2325,22.3254,23.8845,,4.1873
,57288362,647821,CCOC(=O)C1=NN(C(=O)C2=C(SC=C21)N)C3=CC=CC=C3,,,,,,,4,0 1 0 0 0 0 0 0 0 0,-8.2716,,7.6208,1.3617,,13.1086,8.0443,-7.8654,,-2.4975,,1.1653,-1.1103,-3.0091,,-8.2716,
,57288361,648952,CCOC(=O)C1=NN(C(=O)C(=C1C)C#N)C2=CC=CC=C2,,,,,,,4,0 0 0 0 0 1 0 0 0 0,4.655,,-3.2807,1.0021,,2.8367,0.5095,1.8376,,6.7029,,1.9553,-0.4651,4.0682,,4.655,
,57288389,686852,CCOC(=O)C1=NN(C(=O)C2=C(SC=C21)N)C3=CC=C(C=C3)F,12.5893,33.2108,1.3987,0.9129,-33.2108,0,-2.2,0 0 0 0 0 0 0 0 0 0,-31.009,,-1.718,4.5856,,-3.4471,0.5858,-7.3464,,0.7547,,-11.3998,-19.7789,-22.6479,,-31.009,
,57288364,719449,CCOC(=O)C1=NN(C(=O)C2=C(SC=C21)N)C3=CC=C(C=C3)OC,5.6234,49.8009,0.5,0.9357,-53.0492,-3.2482,-2.2,0 0 0 0 0 0 0 0 0 0,-42.541,,-10.73,-8.9568,,-16.701,-13.6457,-26.6584,,-21.931,,-31.5947,-32.1992,-37.5709,,-42.541,
,4259887,719449,CCOC(=O)C1=NN(C(=O)C2=C(SC=C21)N)C3=CC=C(C=C3)OC,,,,,,,4,,7.8455,20.8315,12.586,14.8806,15.1649,,10.8215,19.4548,16.2195,,15.9985,,18.5956,13.3312,11.8781,,1.6328
,57288365,719449,CCOC(=O)C1=NN(C(=O)C2=C(SC=C21)N)C3=CC=C(C=C3)OC,,,,,,,4,0 0 0 0 0 0 0 0 0 0,-15.9474,,-1.0264,1.0414,,6.6698,0.4968,3.6826,,-5.6116,,-2.4684,-11.0798,-10.855,,-15.9474,
,22412167,736077,CC1=C2C(=C(S1)N)C(=O)N(N=C2C(=O)OC)C3=CC=C(C=C3)OC,,,,,,,4,,-0.1457,9.0769,10.1618,17.6979,12.2513,,12.9171,10.9977,11.0656,,8.5676,,14.4666,2.4227,5.9214,,-0.7602
,57288379,753455,CCOC(=O)C1=NN(C(=O)C2=C(SC=C21)N)C3=CC=C(C=C3)Cl,6.3096,59.6707,0.9,0.9703,-57.5657,2.105,-1.2,0 0 0 0 0 0 0 0 0 0,-50.9756,,-4.2016,2.9743,,-1.5463,-5.0194,-13.0454,,-18.9869,,-35.1759,-33.2686,-45.5801,,-50.9756,
,4261587,753627,COC1=CC=CC(=C1O)CNC2=CC=CC3=C2N=CC=C3,31.6228,56.5559,0.7,0.8317,-53.0117,3.5442,-1.4,0 0 0 0 0 0 0 0 0 0 0 0 0 0 0 0 0 0 0 0 1 0 0 0,-39.9671,2.895,-0.6882,6.8289,2.5742,,-2.2976,-5.3093,-4.4577,,-6.4554,,-19.0484,-24.3936,-11.7995,,-40.0253
,57288404,798725,CCOC(=O)C1=NN(C(=O)C2=C(SC=C21)N)C3=CC(=C(C=C3)C)C,,,,,,,4,0 1 0 0 0 0 0 0 0 0,-15.4978,,-0.0487,-6.6736,,3.2232,-7.421,-11.6743,,-13.9894,,-8.8311,-14.0937,-6.509,,-15.4978,
,4255295,829764,CCN(CC)C1=CC2=C(C=C1)OC(=O)C(=N2)C,4.4668,62.018,0.8,0.8971,-48.4057,13.6123,-1.4,0 0 0 0 0 0 0 0 0 0 0 0 0 0 0 0 0 0 0 0 0 0 0 0,-42.2656,13.6856,7.1662,11.7762,8.5091,,-6.1746,-5.1317,-11.0702,,-17.6317,,-29.9778,-45.8063,-30.8704,,-45.9996
,14718768,841172,CCN1C(=CC=N1)C(=O)NC2=CC(=CC(=C2)Cl)Cl,100,47.4651,1.3723,0.5925,-45.1292,2.3359,-2.4,0 0 0 0 0 0 0 0 0 0 0 0 0 0 0 0 0 0 0 0 0 0 0 0,-34.0008,3.5465,2.5377,3.2681,0.2647,,1.9638,4.3744,0.2735,,2.2084,,0.9499,-12.5623,-2.2063,,-25.6023
,24803205,890662,C1=CC=C(C(=C1)CNC2=CC=CC3=C2N=CC=C3)O,44.6684,67.7662,1.1,0.837,-59.3249,8.4413,-2.4,0 0 0 0 0 0 0 0 0 0 0 0 0 0 0 0 0 0 0 0 0 0 0 0,-55.173,10.0678,2.3103,11.3122,6.5202,,10.4715,6.5368,7.1152,,4.983,,-7.8854,-23.6563,-12.1682,,-49.5376
,4257143,892123,CN1C=C(C(=N1)C(=O)NC2=C(C(=CC=C2)Cl)Cl)Cl,,,,,,,4,,15.0574,1.8591,-1.5307,4.3985,1.9766,,6.1602,5.6317,4.1521,,7.4988,,-0.7309,2.2719,2.1489,,2.0663
,14728035,903329,CN1C(=C(C=N1)Cl)C(=O)NC2=CC(=CC=C2)Cl,,,,,,,4,1 0 0 0 0 0 0 0 1 0 0 0 0 0 0 0 0 0 0 0 0 1 0 0,13.3125,-1.2518,-1.3391,11.4116,13.4698,,21.3259,15.2919,13.5617,,17.8265,,8.4526,6.5766,2.1928,,8.4034
,26658460,939236,COC1=CC2=C(C=C1)NC(=O)C(=C2)CNC3=CC=CC=C3OC,,,,,,,4,1 0 0 0 0 0 0 0 0 0 0 0 0 0 0 0 0 0 0 0 0 0 0 1,-3.7363,-16.0865,4.6494,13.1499,5.0575,,-0.9274,-0.6033,-0.1233,,-2.1641,,-3.1823,-12.2515,-9.0651,,-10.147
,14742238,943158,CC1=CC(=CC=C1)NCC2=CC3=C(C=CC(=C3)OC)NC2=O,,,,,,,4,,-6.5523,-1.8784,-1.8364,-5.9637,-1.0516,,-0.6536,-6.4885,-8.2576,,-10.423,,-5.6434,-1.1351,-5.3855,,-6.5255
,17431974,970535,C1=CC(=CC(=C1)[N+](=O)[O-])NC(=O)NC2=CC=C(C=C2)OC(F)(F)F,3.5481,34.5052,1.4641,0.8701,-38.8508,-4.3456,-1.4,0 0 0 0 0 0 0 0 0 0 0 0 0 0 0 0 0 0 0 0 0 0 0 0,-40.9037,-8.2393,-3.3217,-6.2155,-6.7625,,-0.9746,-14.2894,-18.2935,,-31.4837,,-33.7459,-36.9481,-33.2623,,-41.6791
,24798198,992588,CCC1=CC=C(C=C1)S(=O)(=O)NC2=CC(=C(C3=CC=CC=C32)O)SCC(=O)O,19.9526,54.11,0.5,0.7504,-38.4488,15.6612,-3,0 0 0 0 0 0 0 0 0 0 0 0 0 0 0 0 0 0 0 0 0 1 0 0,-26.683,14.1266,9.3982,14.7491,12.3691,,2.4463,1.0752,-1.5199,,-4.0215,,-6.0528,-11.6931,-1.4293,,-28.5151
,24272203,1047277,COC1=CC=C(C=C1)NC(=O)C2=C(SC3=C2CCCC3)NC(=O)CC4=CC=CC=C4,,,,,,,4,0 0 0 1 0 0 0 0 0 0,-7.7406,,-0.7222,-1.8256,,-10.2583,2.2554,-6.9365,,-3.2059,,-4.0201,-4.5556,-5.0766,,-7.7406,
,57288377,1205057,C1=CC(=CC(=C1)Cl)C2=CC=C(O2)/C=C\3/C(=O)N(C(=S)S3)CC(=O)O,,,,,,,4,0 0 0 0 0 0 0 0 0 0 0 0 0 0 0 0 0 0 1 0 0 0 0 0,-6.7683,0.1153,9.2011,1.0357,6.9376,,2.0445,-3.7775,-10.8095,,-4.8517,,-8.4016,-10.5923,-2.7075,,-10.4117
,24272197,1268017,CC1=CC=C(C=C1)NC(=O)C2=C(SC3=C2CCCC3)NC(=O)CC4=CC=CC=C4,,,,,,,4,0 0 0 0 1 0 0 0 0 0,-4.684,,5.6027,3.043,,2.0716,-2.3887,2.4118,,-3.5851,,-4.687,-0.5044,-0.9852,,-4.684,
,4262654,1307421,C1COCCN1C(=O)CSC2=NC3=C(C(=CS3)C4=CC=CO4)C(=O)N2C5=CC=CC=C5,,,,,,,4,0 0 0 0 1 0 0 0 0 0,-2.9023,,5.3466,4.7943,,-0.2545,-0.2049,4.2916,,-0.2354,,-5.1179,-2.0901,-4.2395,,-2.9023,
,22403818,1321754,CN(C)C1=CC=C(C=C1)N2C(=O)CSC2=S,,,,,,,4,1 0 0 0 0 0 0 0 1 0 0 0 0 0 0 0 0 0 0 0 0 0 0 0,-24.4791,-0.6402,1.531,1.3279,1.6432,,-6.2386,-6.0315,-6.1599,,-10.1324,,-14.3868,-23.9562,-17.2637,,-26.8857
,24272541,1350609,CC1=CC(=CC=C1)NC(=O)C2=C(SC3=C2CCCC3)NC(=O)C4=CC=CC=C4,,,,,,,4,0 0 0 0 0 0 0 0 0 0,-10.2983,,4.2537,3.0022,,9.6813,10.4649,-6.6086,,-5.6913,,-10.6178,-9.6912,-12.5462,,-10.2983,
,17410257,1486935,CN1C(=O)N=C(S1)NC(=O)C2=CC=CC=C2,,,,,,,4,1 0 0 0 0 0 0 0 0 1,4.6577,,2.5729,7.9784,,2.6435,5.9538,5.9689,,3.5087,,2.6977,-0.4489,0.2291,,4.6577,
,24819545,1489523,CC1=CC=C(C=C1)SCC2=CC(=O)N(N2)C,15.8489,52.0778,0.6,0.7924,-43.7404,8.3374,-2.4,0 0 0 0 0 0 0 0 0 0 0 0 0 0 0 0 0 0 0 0 0 0 0 0,-30.2555,6.7198,4.6912,8.1319,8.0494,,-4.8342,-6.1635,-5.5836,,-6.6743,,-17.2258,-25.6031,-17.0807,,-35.7174
,17432888,1557889,C/C(=C\C1=CC=CC=C1)/C=C\2/C(=O)N(C(=S)S2)NC(=O)C3=CC(=CC=C3)O,2.5119,67.2346,0.9,0.9675,-50.7732,16.4614,-1.2,0 0 0 0 0 0 0 0 0 0 0 1 0 1 0 1 0 1 0 0 0 1 0 0,-49.4963,11.1393,16.339,9.7088,7.3276,,-1.7979,-0.3468,-6.0678,,-18.6288,,-21.4016,-43.6442,-29.4404,,-50.7416
,16952410,1589731,COC1=CC=C(C=C1)S(=O)(=O)NC2=CC(=C(C3=CC=CC=C32)O)SC4=NC=NN4,7.0795,63.503,0.8,0.9664,-61.5904,1.9126,-2.2,0 0 0 0 0 0 0 0 0 0,-52.9191,,-2.5421,2.9554,,-7.1993,-9.3699,-13.5932,,-16.4714,,-35.883,-38.2088,-42.4057,,-52.9191,
,24276604,1598875,COC(=O)C1=CC=CC=C1NC(=O)CSC2=NC3=C(C4=C(S3)CCCC4)C(=O)N2,,,,,,,4,,2.1575,-2.8669,1.1494,0.8328,-0.183,,-1.1195,-0.37,0.377,,5.9968,,12.2629,3.4729,5.7852,,1.435
,7975827,1824214,COC(=O)CSC1=NC2=C(S1)C=C(C=C2)NC(=O)CSC3=NN=NN3CC4=CC=CC=C4,,,,,,,4,1 0 0 1 0 1 1 0 0 0 0 0 0 0 0 0 0 0 0 0 0 0 0 0,2.7332,9.3775,15.4655,13.0136,7.3273,,11.3814,7.9954,3.28,,4.7466,,-1.516,-6.7389,-2.7417,,-2.9191
,24833180,2118097,C1CCC(=NCC1)NS(=O)(=O)C2=CC3=C(C=C2)SC(=N3)N,,,,,,,4,0 0 0 0 1 0 1 0 0 1 1 0 0 0 0 0 0 0 0 0 0 0 0 0,16.1889,0.5947,4.6981,3.9132,6.7915,,14.3657,8.8542,12.9749,,12.4075,,20.7788,22.6333,17.2831,,17.3904
,24409434,2138945,C1CCN(C1)S(=O)(=O)C2=CC3=C(C=C2)N=C(S3)NC(=O)C4=CC=C(C=C4)F,,,,,,,4,,2.0018,1.781,-1.1992,1.2614,4.4316,,0.8184,0.7057,-1.5685,,7.4878,,0.406,5.5324,-17.1374,,-1.7612
,57288380,2247401,COC1=CC=CC(=C1)/C=C/2\C(=O)N(C(=S)S2)CC(=O)NC3=NC=CS3,,,,,,,4,0 0 0 0 0 0 0 0 0 0,-19.7418,,-3.5236,-2.8797,,-9.9148,-15.469,-13.7243,,-20.6039,,-23.1317,-21.2867,-28.4798,,-19.7418,
,22402279,2248195,CC1=NN=C(S1)NC(=O)CN2C(=O)/C(=C\C3=CC(=CC=C3)OC)/SC2=S,,,,,,,4,1 0 0 0 0 0 0 0 0 0,-9.0136,,-3.3108,9.326,,2.9603,1.633,-2.3684,,0.6136,,-6.9867,-9.361,-15.4795,,-9.0136,
,57288378,2288678,CCOC(=O)C1=NN(C(=O)C2=C(SC=C21)N)C3=CC=CC(=C3)C(F)(F)F,1.5849,54.0173,1.1,0.9546,-58.729,-4.7117,-1.2,0 0 0 0 0 0 0 0 0 0,-63.0894,,-11.379,-5.1764,,-14.5207,-27.3892,-32.4035,,-42.7303,,-54.9206,-47.5578,-53.5057,,-63.0894,
,14733544,2301472,C1=COC(=C1)C2=NC3=C(C=C(C=C3)NC(=O)NCCCO)N=C2C4=CC=CO4,3.1623,65.198,1.4163,0.9764,-65.0871,0.1109,-1.2,0 0 0 0 0 0 0 0 0 1 0 0 0 0 0 0 0 0 0 0 0 0 0 0,-72.6344,-0.2872,0.0064,-1.7437,-7.0571,,6.5107,-16.8895,-30.0682,,-47.7521,,-56.4643,-62.6872,-56.5109,,-72.1581
,3716752,2338527,C1COCCN1S(=O)(=O)C2=CC3=C(C=C2)N=C(C(=N3)C4=CC=CO4)C5=CC=CO5,5.0119,42.7533,2.0437,0.9434,-38.7533,4,-1.2,0 0 0 0 0 0 0 0 0 0 0 0 0 0 0 0 0 0 0 0 1 1 0 0,-39.0168,1.2892,6.3098,6.6887,0.2183,,5.2601,1.1518,-8.7343,,-23.9523,,-31.3067,-35.8948,-22.0415,,-39.7943
,26661534,2384301,CC1=CC=C(C=C1)S(=O)(=O)N(C)C2=NC3=CC=CC=C3NC2=S,,,,,,,4,0 0 0 0 0 0 0 0 0 0 0 0 0 0 0 0 0 1 1 0 0 0 0 1,22.1466,9.4711,8.9219,15.4898,11.775,,13.1105,9.0927,15.5846,,15.5531,,15.4996,2.5165,2.2126,,7.2699
,22411474,2488340,CN(C1=CC=C(C=C1)O)C(=S)NC2=CN=CC=C2,,,,,,,4,,2.8743,13.7551,12.6247,10.9284,8.1939,,13.4601,14.158,10.9419,,9.7896,,10.5309,5.9471,13.1686,,5.4617
,24834511,2557762,CCOC(=O)C1=CC=C(C=C1)S(=O)(=O)NC2=NC3=C(S2)C=CC(=C3)S(=O)(=O)NC4=NCCCCC4,,,,,,,4,,5.3636,7.4038,3.5538,3.5238,8.3646,,13.3618,16.8657,20.1516,,17.3718,,13.3074,8.99,15.7563,,2.3613
,57288391,2789721,COC(=O)C1CCC2=C1C(=C(S2)N)C(=O)OC,,,,,,,4,1 0 0 0 0 0 0 0 0 0,-4.9078,,-1.0319,12.0183,,-0.5532,4.7108,3.951,,2.6224,,-11.0487,-0.6507,-1.7299,,-4.9078,
,24272856,2790634,CC1=CC=C(C=C1)OCCCC(=O)NC2=C(C3=C(S2)CCC3C(=O)OC)C(=O)OC,,,,,,,4,0 1 0 0 0 0 0 0 0 0 1 0 0 1 0 0 0 0 0 0 0 0 0 0,0.3474,3.8481,8.9528,11.0574,8.8154,,7.6508,2.3094,8.1823,,8.7807,,5.681,3.8322,3.3653,,-0.9834
,24272882,2790650,CC(C)(C)C1=CC=C(C=C1)OCCCC(=O)NC2=C(C3=C(S2)CCC3C(=O)OC)C(=O)OC,,,,,,,4,,6.3276,1.0375,6.8237,8.7085,4.4964,,-0.3697,-0.1714,-0.0944,,1.448,,4.9084,8.7454,7.5326,,4.0677
,24272907,2790671,CC1=CC(=CC=C1)OCCCC(=O)NC2=C(C3=C(S2)CCC3C(=O)OC)C(=O)OC,,,,,,,4,,2.4548,1.5217,8.1978,6.4981,3.5982,,7.3081,5.3869,5.7979,,-19.3636,,6.2787,7.0661,1.9489,,2.9164
,26727964,2795856,CC(C)(C)C1=CC=C(C=C1)NC(=O)N2CCN(CC2)C3=NC=C(C=C3)[N+](=O)[O-],,,,,,,4,0 0 0 0 0 0 0 1 0 0 1 0 0 0 0 0 0 0 0 0 0 1 0 1,7.4016,7.288,10.2488,9.1359,10.3563,,2.1368,1.3118,3.0055,,1.2414,,-1.0923,-4.5204,-2.742,,-1.2335
,57288395,2814251,CCOC(=O)C1=NN(C(=O)C2=C(SC=C21)NC(=O)C)C3=CC=CC=C3,,,,,,,4,0 1 0 0 0 0 0 0 0 0,12.5637,,-3.8153,7.7551,,-8.1004,1.9239,-2.1554,,-5.7553,,-12.554,-2.4601,14.2044,,12.5637,
,14746106,2877257,CC1=C(SC(=N1)NC(=O)C)C2=CSC(=N2)NC3=CC=C(C=C3)OC.Br,12.5893,63.3671,0.3,0.626,-47.2515,16.1156,-3,0 0 0 0 0 0 1 0 0 0 0 0 0 0 0 0 0 0 0 1 0 0 0 0,-23.8457,6.3999,4.669,1.6142,-16.3369,,-6.677,-10.224,-6.0338,,-10.6325,,-20.5192,-5.445,-18.9405,,-30.6227
,850961,2877277,CC1=C(SC(=N1)NC(=O)C)C2=CSC(=N2)NC3=CC=C(C=C3)O.Br,39.8107,99.5211,1.1341,0.7771,-88.5211,11,-2.4,0 0 0 0 0 0 0 0 0 0 0 0 0 0 0 0 0 0 0 0 0 1 0 1,-47.007,0.838,-2.5716,19.8444,15.0534,,14.4819,11.133,8.6627,,4.0886,,-17.0655,-29.4885,-10.1946,,-62.4625
,17388235,2902308,CC1=C(SC(=N1)NC(=O)C)C2=CSC(=N2)NC3=CC(=CC=C3)[N+](=O)[O-],22.3872,87.5199,0.9,0.8455,-80.664,6.8559,-1.4,0 0 0 0 0 0 0 0 0 0 0 0 0 0 0 0 0 0 0 0 0 0 0 0,-70.6234,0.7822,0.1768,7.9533,8.3452,,8.9419,-0.8014,-0.1315,,-14.8289,,-35.3453,-45.5238,-31.4318,,-72.3433
,24415951,2916654,COC1=CC(=C(C=C1)OC)NC(=O)C2=C(SC3=C2CCCC3)NCC4=CC=CS4,,,,,,,4,0 0 0 0 0 0 0 0 0 0,-28.2794,,0.0688,-1.0068,,-5.077,-10.5874,-21.9984,,-21.3282,,-23.0908,-21.6354,-26.9307,,-28.2794,
,26658061,2939678,C1=CC=C2C(=C1)C(=CC(=C2O)SCC(=O)O)NS(=O)(=O)C3=CC=CC(=C3)[N+](=O)[O-],28.1838,88.1175,0.5,0.8608,-76.1175,12,-2.4,0 0 0 0 0 0 0 0 0 0 0 0 0 0 0 0 0 0 0 0 0 1 0 0,-57.6483,7.0405,9.4822,7.1601,4.4447,,-5.5895,-7.437,-12.3597,,-17.7916,,-18.3356,-28.081,-16.3817,,-56.4537
,14729805,2971796,CC1=CC=C(C=C1)NC(=O)N2CCN(CC2)C3=CC=CC=N3,,,,,,,4,,14.8482,6.5588,2.7897,3.7352,9.6936,,11.9066,11.0301,7.1355,,3.6076,,11.2917,13.477,4.7086,,5.3579
,17413594,2976659,C1COCCN1C2=C(C=C(C=C2)C(=O)NC3=CC=C(C=C3)C4=NC5=CC=CC=C5O4)[N+](=O)[O-],7.9433,45.4255,0.7,0.9656,-38.4255,7,-2.2,0 0 0 0 0 0 0 0 0 0,-31.1879,,5.0142,0.3642,,4.1679,1.1339,-6.7047,,-10.1875,,-15.0139,-22.1716,-21.2288,,-31.1879,
,17431920,2980171,COC1=CC2=C(C=C1)OC(=N2)C3=CC=C(C=C3)NC(=O)C4=CC(=C(C=C4)N5CCOCC5)[N+](=O)[O-],,,,,,,4,,-4.4129,-0.2925,-0.108,-1.0673,-2.3501,,4.7594,2.1333,0.6623,,-1.5092,,-5.5635,1.4418,-7.3627,,-3.7985
,3716574,2999671,CCN1C2=C(C=C(C=C2)C(=O)O)N=C1CSC3=NC=CN3C,,,,,,,4,,51.2773,11.9065,17.7172,25.258,23.6905,,24.6833,17.9955,28.3044,,21.7098,,27.5571,29.8152,23.235,,35.7325
,24826318,3032310,C1C2=CC=CC=C2NC1=S,3.5481,49,1,0.9709,-54.3907,-5.3906,-1.2,0 0 0 0 0 0 0 0 0 0,-50.6047,,-10.9404,-5.8255,,-7.9109,-14.7606,-24.461,,-31.4971,,-35.7101,-41.4174,-53.8256,,-50.6047,
,24272199,3119666,C1CCC2=C(C1)C(=C(S2)NC(=O)CC3=CC=CC=C3)C(=O)NC4=CC=C(C=C4)Cl,,,,,,,4,,-2.6731,-2.9344,4.162,7.4493,4.0162,,2.7419,2.8699,2.1804,,3.6314,,2.5918,-22.5364,1.2956,,-3.0742
,57288370,3119666,C1CCC2=C(C1)C(=C(S2)NC(=O)CC3=CC=CC=C3)C(=O)NC4=CC=C(C=C4)Cl,,,,,,,4,0 0 0 0 0 0 0 0 0 0,-7.3933,,2.4473,3.5601,,2.098,2.3586,2.6904,,-6.3482,,-7.4752,-9.0925,-9.3603,,-7.3933,
,24272201,3119667,C1CCC2=C(C1)C(=C(S2)NC(=O)CC3=CC=CC=C3)C(=O)NC4=CC=C(C=C4)Br,,,,,,,4,1 0 0 0 0 0 0 0 0 0,-4.4951,,-5.3074,0.3024,,3.1506,-5.2187,-3.9263,,-5.7201,,-7.1223,-6.0772,-6.1549,,-4.4951,
,24272225,3119676,CC1CCC2=C(C1)SC(=C2C(=O)NC3=CC=C(C=C3)Cl)NC(=O)CC4=CC=CC=C4,,,,,,,4,1 0 0 0 0 0 0 0 0 0,-0.2406,,-1.8414,9.769,,1.2545,5.5951,-2.8509,,-0.2348,,0.998,-0.9173,-4.3242,,-0.2406,
,57288382,3119678,C1CCC2=C(C1)C(=C(S2)NC(=O)CC3=CC=CC=C3)C(=O)NC4=CC(=CC=C4)Cl,,,,,,,4,0 0 0 0 0 0 0 0 0 0,-7.9283,,12.1929,5.1226,,-3.8659,-0.8287,-4.8865,,-5.082,,-5.9213,-6.6066,-9.5026,,-7.9283,
,14727173,3129653,CC(C)(C)C(=O)NC1=C(C2=C(S1)CCC2C(=O)OC)C(=O)OC,,,,,,,4,,-17.2253,5.2372,-5.1369,-2.4757,0.0487,,-0.3698,-8.4095,-4.5084,,-1.1999,,-0.9986,-10.8346,-8.3191,,-17
,57288363,3239066,C1CN(CCC1C(=O)NCC2=CN=CC=C2)S(=O)(=O)C3=CC=CS3,,,,,,,4,,-1.5916,-11.3342,-12.6666,-16.5479,-6.4639,,-14.2762,-11.5056,-8.4965,,-11.1686,,-6.513,-4.3425,-2.3505,,-5.6608
,24416017,3364516,CC1=C(SC=C1)CNC2=C(C3=C(S2)CCCC3)C(=O)NC4=C(C=CC(=C4)Cl)OC,2.5119,36.1226,1,0.9208,-37.5711,-1.4484,-1.2,0 0 0 0 0 0 0 0 0 0,-36.3092,,-5.3734,-6.6999,,-0.3737,-7.6902,-23.8843,,-22.3346,,-27.7302,-29.8262,-34.4227,,-36.3092,
,17410825,3614254,CC1=CC=C(C=C1)C(=O)NC2=NC(=O)N(S2)C(=O)CC(C)C,,,,,,,4,,7.8133,7.2218,1.969,2.1036,1.9745,,-3.6956,-5.5264,-0.1137,,-14.0119,,-0.1273,-0.3275,2.0251,,2.8576
,57288396,3639936,CCOC(=O)C1=NN(C(=O)C2=C(SC=C21)NC(=O)C3=CC=CC=C3)C4=CC=CC=C4,,,,,,,4,1 0 0 0 0 0 0 0 0 0,0.9418,,-0.3208,12.5593,,8.014,4.4318,-9.7756,,-0.6518,,-3.6576,2.4366,-3.3962,,0.9418,
,24272519,3653881,C1CCC2=C(C1)C(=C(S2)NC(=O)C3=CC=CS3)C(=O)NC4=CC(=CC=C4)Cl,,,,,,,4,0 0 1 0 0 0 0 0 0 0,-14.5115,,2.8773,0.7724,,-9.594,-2.9857,-9.0911,,-9.7117,,-14.821,-12.3241,-16.2037,,-14.5115,
,17410881,3711253,CC1=CC=C(C=C1)C(=O)NC2=NC(=O)N(S2)C(=O)C3CC3,,,,,,,4,,13.2025,7.8673,8.6936,14.7442,10.5315,,11.8304,8.7883,11.3866,,16.4884,,17.6645,14.1486,14.183,,12.3097
,24819547,3842739,CN1C(=O)C=C(N1)CSC2=CC=C(C=C2)Cl,11.2202,64.6118,0.5,0.8418,-51.5883,13.0235,-2.4,0 0 0 0 0 0 0 0 0 0 0 0 0 0 0 0 0 0 0 0 0 0 0 0,-37.5934,6.9156,6.9211,6.4393,12.1721,,-6.7277,-4.2492,-11.6608,,-17.1582,,-15.6416,-29.8276,-22.2293,,-40.6326
,26663259,3976167,CC1=CC=C(C=C1)N2C(=O)C(SC2=O)CC3=CC=CC=C3,,,,,,,4,,3.2128,-1.9699,8.4668,3.9581,10.4734,,-4.7091,0.011,3.7364,,3.4505,,3.1509,0.9375,1.2211,,14.1688
,16953865,4094710,CCN(CC)S(=O)(=O)C1=CC=CC(=C1)NC(=O)NC2=CC=CC(=C2)C(F)(F)F,1.122,57.8209,0.8,0.9344,-55.3293,2.4916,-1.2,0 0 0 0 0 0 0 0 0 0,-49.4358,,-5.1494,-3.7853,,-23.109,-26.2772,-22.9479,,-39.126,,-48.6098,-50.8219,-53.1062,,-49.4358,
,57288388,4185185,CCOC(=O)C1=NN(C(=O)C2=C(SC=C21)NC(=O)CC3=CC=CC=C3)C4=CC=C(C=C4)OC,,,,,,,4,1 0 0 0 0 0 0 0 0 0,-11.0939,,-2.7231,1.6346,,2.7788,-3.0292,4.1623,,2.5552,,-7.7514,-6.4718,-8.5492,,-11.0939,
,24275494,4201507,CC1=C(C2=C(N1C(=O)C3=CC=C(C=C3)Cl)C=CC(=C2)OC)CC(=O)NC4=CC=C(C=C4)C(=O)C,,,,,,,4,,-10.5047,-3.4965,-2.214,2.661,-4.3917,,-4.1822,-6.5149,-7.5006,,-11.5966,,-3.6983,-9.0242,-4.7061,,-12.2726
,24415772,4207696,CC(C)C1=CC=C(C=C1)NS(=O)(=O)C2=CC3=C(C=C2)NC=C(C3=O)C(=O)NCCC4=CC=CC=C4,,,,,,,4,,-11.3229,-7.7122,-2.9274,-2.3601,-6.3172,,-11.3508,-13.5965,-13.8855,,-16.0965,,-11.3734,-13.1307,-12.1649,,-9.8329
,14744244,4876538,CC(C)C(C)NC(=O)CSC1=NC2=C(C(=CS2)C3=CC=CO3)C(=O)N1C4=CC=CC=C4,,,,,,,4,,26.2572,7.1992,4.8114,8.5451,6.615,,10.9467,5.252,8.5881,,3.9022,,16.0783,20.2019,11.5645,,24.475
,7973036,5310645,CC1=CC2=C(C=CC=C2N=N1)N,,,,,,,4,,34.1126,9.1393,2.941,5.811,7.0472,,2.9244,0.9246,5.7083,,-0.6991,,-1.7805,-6.8587,-11.6767,,29.3135
,57288381,5918015,CCOC(=O)N1CCN(CC1)C(=O)CN2C(=O)/C(=C\C3=CC(=CC=C3)OC)/SC2=S,,,,,,,4,0 0 0 0 0 0 0 0 0 0,-16.8731,,-0.6232,-1.3977,,3.5762,-10.2925,-11.6196,,-8.2728,,-14.9787,-6.6106,-14.9703,,-16.8731,
,26728021,6409922,CC1=CC2=C(C=CC=C2NC(=O)NC3=CC=CC=C3)N=N1,,,,,,,4,0 1 0 0 0 0 0 0 0 0 0 0 0 0 0 0 0 0 0 0 0 0 0 0,-16.4626,13.6623,11.5654,10.0155,10.5905,,6.3535,7.7745,2.0971,,4.324,,7.8918,4.1032,0.7281,,-20.2852
,22410807,6902918,C1COCCN1C2=CC=C(C=C2)/C=N/NC(=S)NC3=CC=C(C=C3)S(=O)(=O)N4CCOCC4,,,,,,,4,0 0 0 0 0 0 0 0 0 0 0 1 0 1 0 1 0 0 0 0 0 0 0 1,9.2701,-4.3764,-1.9925,3.3805,1.0865,,4.8224,2.7442,3.773,,-4.1716,,-13.1953,-17.0396,-8.8669,,2.3516
,57288397,9795907,C1=CC=C(C=C1)N2C(=O)C3=C(SC=C3C(=N2)C(=O)O)N,,,,,,,4,0 0 0 0 0 0 1 0 0 1,4.4386,,4.806,0.2924,,-2.6185,3.8726,-3.0748,,-3.2303,,5.0687,-1.2952,-1.4707,,4.4386,
,57288386,9839953,COC1=CC=C(C=C1)N2C(=O)C3=C(SC=C3C(=N2)C(=O)O)N,,,,,,,4,0 0 0 0 0 0 0 0 0 0,-15.8442,,-1.8375,4.1573,,-2.3783,-2.8781,-4.7438,,-4.4095,,-15.7962,-12.377,-14.5209,,-15.8442,
,57288406,10987982,CCOC(=O)C1=C(SC2=C1CCOC2)N,,,,,,,4,0 0 0 0 0 0 0 0 0 0,17.4245,,1.7374,3.7277,,-4.673,5.4557,5.4884,,1.1606,,-1.1532,-4.0714,0.5396,,17.4245,
,57288409,11837072,CC1=C2C=NN(C(=O)C2=C(S1)N)C3=CC=CC=C3,,,,,,,4,1 0 0 0 0 0 0 0 0 0,-11.4329,,-4.5136,11.4209,,-2.9041,2.5766,-2.7328,,0.3564,,-3.7248,-2.5294,-10.4958,,-11.4329,
,57288408,11837074,CC1=C2C=NN(C(=O)C2=C(S1)NC(=O)C)C3=CC=CC=C3,,,,,,,4,,4.5768,,-5.326,6.8725,,-2.0316,2.6279,0.8561,,4.446,,-3.9372,-2.4396,-5.8735,,4.5768,
,57288367,11957514,CC([C@@H](C1=CC(=C(C=C1)O)O)O)N,6.3096,45.6057,0.7,0.871,-41.3066,4.2992,-1.4,0 0 0 0 0 0 0 0 0 0 0 0 0 0 0 0 0 0 0 0 0 0 0 0,-40.4374,2.8575,0.8929,-0.4172,0.1528,,-4.9298,-5.8993,-12.7424,,-19.9183,,-27.5819,-30.3346,-22.6288,,-40.7631
,24270064,15989600,COC1=C(C=C(C=C1)NC(=O)CN2C=C(C3=CC=CC=C3C2=O)S(=O)(=O)N4CCN(CC4)C5=CC=CC=C5F)Cl,,,,,,,4,0 0 0 0 0 0 0 0 0 0 0 0 0 0 0 0 1 0 0 0 0 0 0 1,0.2387,5.2504,3.4315,14.1453,5.4383,,0.2176,-0.1387,-0.691,,-2.6806,,-26.5146,-9.8496,-4.5685,,-2.645
,24276261,15991496,C1COCCN1C2=C(C=C(C=C2)[N+](=O)[O-])C(=O)NC3=CC=CC(=C3)C4=NC5=CC=CC=C5O4,,,,,,,4,,-3.2589,-8.9123,-1.5494,1.9788,-0.061,,0.1916,-0.6818,4.157,,-4.6775,,-6.2021,1.6231,-1.6543,,-5.591
,24383840,16007667,CC1=NOC(=C1S(=O)(=O)N2CCC(CC2)C(=O)NC3=CC(=C(C=C3)OC)Cl)/C=C/C4=CC=CS4,,,,,,,4,0 0 0 0 0 0 0 0 0 1 1 1 1 0 0 0 0 0 0 0 0 0 0 0,-10.4248,4.0858,2.0344,-0.139,2.9529,,2.7839,-4.5205,-5.9766,,-8.6947,,-6.7757,-5.7495,-12.9047,,-12.292
,24386631,16010129,C1=CC=C2C(=C1)C(=O)N(C3=C(S2(=O)=O)C=CC(=C3)C(=O)NC4=CC=CC(=C4)C#N)CC5=CC(=CC=C5)Cl,,,,,,,4,,5.1206,11.277,-0.7927,3.1922,5.1201,,0.2794,-1.0415,-0.4957,,-3.9038,,1.1853,0.6231,-1.5861,,-2.7923
,24395130,16017249,CC1=NN(C(=O)C2=CC=CN12)CC(=O)NCC3=CC=C(C=C3)OC,,,,,,,4,,-4.1273,-18.2701,2.9515,7.3417,5.0577,,-3.4904,1.8305,-1.4806,,0.0455,,-2.4087,-1.1018,-0.6257,,-6.6646
,24395227,16017325,CCN(C1=CC=CC=C1)S(=O)(=O)C2=NN=C(S2)NC(=O)C(C)(C)C,,,,,,,4,0 0 0 0 0 0 0 0 0 0 0 1 0 1 0 1 0 0 0 0 0 0 0 1,7.8981,6.7916,5.1247,7.9832,9.4968,,4.6008,-2.3768,1.1603,,-2.4941,,-1.6052,-10.3746,-5.0573,,-3.3276
,24395281,16017377,CN(C1=CC=CC=C1)S(=O)(=O)C2=NN=C(S2)NC(=O)C3CCCCC3,,,,,,,4,0 0 0 0 0 0 0 0 0 0 0 0 0 0 0 0 0 0 0 0 0 1 0 1,-9.961,4.0182,6.1854,1.773,5.4006,,-3.709,0.8065,-1.048,,-4.0947,,-2.5585,-10.8422,-4.761,,-17.157
,24395283,16017379,CN(C1=CC=CC=C1)S(=O)(=O)C2=NN=C(S2)NC(=O)COC3=CC=CC=C3,,,,,,,4,1 0 0 0 0 0 0 0 1 0 0 0 1 1 0 0 0 0 0 0 0 0 0 0,-2.3938,-1.9992,0.4901,1.0371,0.9411,,-6.109,-4.9716,-6.8789,,-8.8924,,-10.1543,-13.13,-10.0167,,-11.0524
,24395385,16017478,CC1=CC=C(C=C1)N(C)S(=O)(=O)C2=NN=C(S2)NC(=O)C3CCCCC3,,,,,,,4,,10.7782,-1.3996,6.9916,-19.383,4.7061,,5.6767,1.8427,1.0279,,5.6705,,-22.6903,6.2769,8.1997,,4.5639
,24395406,16017499,C1CCC(CC1)C(=O)NC2=NN=C(S2)S(=O)(=O)NC3=CC=CC=C3,,,,,,,4,0 0 0 0 0 0 0 0 1 0 1 0 0 0 0 1 0 0 0 0 0 0 0 0,-9.3334,2.5024,5.4623,3.7139,10.7025,,-3.1552,-7.6899,-6.0208,,-30.0623,,-7.9986,-13.797,-9.6245,,-18.1585
,24401281,16022892,CC1=CC=C(C=C1)NCC2=CC3=CC4=C(C=C3N(C2=O)CC(=O)NC5=CC=C(C=C5)C)OCCO4,,,,,,,4,,-7.0662,-8.0041,-7.0353,-7.115,-6.3535,,-3.8359,-12.158,-13.0074,,-7.8244,,-1.9883,3.6214,-27.6531,,-9.3291
,24401619,16023227,C1COC2=C(O1)C=C3C=C(C(=O)N(C3=C2)CC(=O)NC4=CC=CC=C4Cl)CNC5=CC=CC=C5,,,,,,,4,0 0 1 0 1 1 0 1 0 0 0 0 0 0 0 0 0 0 0 0 0 0 0 0,-12.8188,-0.116,-3.3076,-0.4492,4.9818,,1.8846,-4.0773,1.4497,,1.1076,,-2.576,-3.6885,-4.436,,-14.3585
,26753630,16219029,C1=CC=C2C(=C1)C=CC(=N2)C3=CC=C(C=C3)N.Cl,79.4328,45.9845,3.99,0.5166,-45.4825,0.502,-2.4,0 0 0 1 0 0 0 0 1 0 0 0 0 1 0 0 0 0 0 0 0 0 0 0,-31.7095,-1.2056,5.8315,-0.5569,-0.5433,,-10.6966,7.1759,23.1708,,0.0778,,-2.7358,-8.4491,-1.2692,,-33.14
,57288407,23878160,CCOC(=O)C1=C(SC2=C1CN(CC2)C)N,,,,,,,4,,14.0371,,2.3201,-2.6617,,2.4498,8.3633,4.2785,,5.8751,,5.1391,7.8898,-3.3227,,14.0371,
,57288372,25181364,C1=CNC(=O)C(=C1C2=CC=NC=C2)N,,,,,,,4,,12.7271,-0.497,-0.5018,1.2411,0.7933,,-3.4176,-4.3292,-7.8114,,-3.8021,,-3.4391,-7.0801,-3.6826,,-12.5161
,57288373,25181365,C1=CC=C(C=C1)C2=C(C(=O)NC=C2)N,,,,,,,4,,0.4512,-1.5114,-5.0225,-3.4754,-0.3038,,-4.8806,-3.1552,-6.5842,,-2.8799,,-9.6756,-10.3905,-9.8721,,-6.1493
,57288374,25181366,CN(C)C1=CC=C(C=C1)C2=C(C(=O)NC=C2)N,,,,,,,4,0 0 0 0 0 0 0 1 1 0 0 0 0 0 0 0 0 1 0 0 0 0 0 1,-14.384,-4.6482,-6.0431,-8.8503,-2.9045,,-12.729,-14.1809,-18.0783,,-15.5168,,-15.0452,-12.5295,-15.7752,,-17.8435
,57288375,25181367,CN(C)C(=O)C1=CC=C(C=C1)C2=C(C(=O)NC=C2)N,,,,,,,4,0 0 0 0 0 0 0 0 0 0 0 0 0 0 0 0 0 1 0 0 1 1 0 1,-4.1692,3.8359,4.1219,4.3505,4.5018,,-3.1577,-6.4393,-5.682,,-7.098,,-5.7735,-5.1561,-3.9301,,-10.185
,57288376,25181368,C1=CC=C(C=C1)C2=CNC(=O)C(=C2)N,19.9526,41.4803,0.8,0.8901,-38.4803,3,-2.4,0 0 0 0 0 0 0 0 0 0,-30.4002,,5.8257,-0.6953,,2.8494,-1.1791,-7.6837,,-5.3522,,-11.0253,-8.4362,-19.8303,,-30.4002,
,57288383,25181369,COC1=C(C=CC=C1Cl)NC(=O)C2=C(SC3=C2CCCC3)NC(=O)CC4=CC=CC=C4,,,,,,,4,0 0 0 0 0 1 0 0 0 0,-3.3623,,3.2708,6.9599,,1.7967,0.6636,-2.1088,,4.1438,,-10.1289,-0.5215,-10.3109,,-3.3623,
,57288384,25181370,CN1CCC2=C(C1)C(=C(S2)NC(=O)CC3=CC=CC=C3)C(=O)NC4=CC=C(C=C4)Cl,31.6228,50.2156,2.4064,0.9099,-52.2545,-2.0389,-2.2,0 0 0 0 0 0 1 0 0 0,-42.263,,3.0378,3.1255,,-1.6008,-0.1217,-11.6101,,-5.8695,,-30.6282,-8.0312,-24.2186,,-42.263,
,57288385,25181371,C1COCC2=C1C(=C(S2)NC(=O)CC3=CC=CC=C3)C(=O)NC4=CC=C(C=C4)Cl,,,,,,,4,0 1 0 0 0 0 0 0 0 0,-16.6014,,1.3389,-9.3707,,-3.6398,-3.2907,-9.2188,,-9.2326,,-16.4096,-8.3096,-11.6999,,-16.6014,
,57288387,25181372,CCN(CC)C(=O)C1=NN(C(=O)C2=C(SC=C21)N)C3=CC=C(C=C3)OC,,,,,,,4,0 0 0 0 0 1 0 0 0 0,-20.1475,,-8.2317,-3.3428,,-1.0038,-3.4067,-9.1047,,4.2953,,-14.7938,-4.7118,-15.7698,,-20.1475,
,57288390,25181373,COC(=O)C1CCC2=C1C(=C(S2)NC(=O)CC3=CC=CC=C3)C(=O)NC4=CC=C(C=C4)Cl,,,,,,,4,1 0 0 0 0 0 0 0 0 0,-9.7866,,-5.1921,-1.3401,,-2.0628,1.5172,-4.3827,,2.3127,,-9.8207,-8.9498,-11.6497,,-9.7866,
,57288392,25181374,COC(=O)C1CCC2=C1C(=C(S2)N)C(=O)OCC3=CC=CC=C3,,,,,,,4,1 0 0 0 0 0 0 0 0 0,-3.2699,,1.9409,8.8626,,2.212,4.4531,10.0685,,8.4436,,-3.3675,3.7582,0.9855,,-3.2699,
,57288393,25181375,CCOC(=O)C1=NN(C(=O)C2=C(SC(=C21)C)N)C3=CC=CC=C3,,,,,,,4,1 0 0 0 0 0 0 0 0 0,-20.3698,,-4.0636,10.9916,,11.0872,5.8185,-4.1055,,-6.3342,,-15.917,-14.7315,-22.3618,,-20.3698,
,57288394,25181376,C1=CC=C(C=C1)N2C(=O)C3=C(SC=C3C(=N2)CO)N,,,,,,,4,0 0 0 0 1 0 0 0 0 0,-2.6386,,7.1476,9.7947,,10.8896,-0.6357,10.9254,,-2.5428,,6.5436,3.7428,0.3982,,-2.6386,
,57288398,25181377,C1=CC=C(C=C1)N2C(=O)C3=C(SC=C3C(=N2)C(=O)N)N,,,,,,,4,1 0 0 0 0 0 0 0 0 0,1.1042,,-1.8031,-6.9405,,-3.6527,0.064,-2.1174,,2.1701,,-4.6593,1.3761,-0.9128,,1.1042,
,57288399,25181378,C1=CC=C(C=C1)CNC(=O)C2=NN(C(=O)C3=C(SC=C32)N)C4=CC=CC=C4,7.9433,40.8605,1.331,0.9434,-36.8605,4,-1.2,0 0 0 0 0 0 0 0 0 0,-33.931,,4.8819,-2.8039,,7.5017,5.277,-4.4585,,-3.7209,,-19.737,-22.1569,-30.3217,,-33.931,
,57288400,25181379,C1COCCN1C(=O)C2=NN(C(=O)C3=C(SC=C32)N)C4=CC=CC=C4,,,,,,,4,0 1 0 0 0 0 0 0 0 0,-0.72,,-10.3738,4.8495,,1.1406,0.8973,0.795,,2.343,,2.3908,0.9946,-0.7089,,-0.72,
,57288401,25181380,COC1=C(C=C(C=N1)C2=CC=CC=C2)N,,,,,,,4,1 0 0 0 0 0 0 0 0 0,-2.6699,,0.6438,6.4773,,-1.0541,-1.5261,-5.0718,,0.5043,,-1.4914,-0.4254,-5.8639,,-2.6699,
,57288402,25181381,CCOC(=O)C1=NN(C(=O)C2=C(SC=C21)N)C3=CC=CC=C3F,,,,,,,4,0 0 0 0 0 0 0 0 0 0,-6.6687,,6.0488,6.3678,,6.1922,4.9063,9.7262,,7.2934,,-2.244,-2.8209,-5.5458,,-6.6687,
,57288403,25181382,CCOC(=O)C1=CC=C(C=C1)N2C(=O)C3=C(SC=C3C(=N2)C(=O)OCC)N,,,,,,,4,0 0 0 0 0 0 0 0 0 0,-11.0589,,6.1853,3.1944,,2.3923,-1.7169,-2.5419,,-9.8908,,-9.1959,-6.1897,-9.7512,,-11.0589,
,57288405,25181383,C1=CC=C(C=C1)N2C(=O)C3=C(SC=C3C(=N2)N)N,,,,,,,4,0 0 0 0 0 0 0 0 1 0,-1.4314,,7.0631,4.9118,,11.6119,5.5786,10.2238,,-1.4949,,0.5182,-0.0895,6.9527,,-1.4314,
,22410419,135401250,CN(C)S(=O)(=O)C1=CC=CC(=C1)N=C2NN=C(CS2)C3=CC=CC=C3,,,,,,,4,0 0 0 0 0 0 0 0 0 0 0 0 0 0 0 0 0 0 0 1 1 0 0 0,-17.6693,-0.5681,-0.2662,2.3131,2.5128,,-0.6634,-1.3262,1.7689,,-0.5145,,-6.7357,-13.9603,-2.5267,,-15.9017
,26670253,135465963,CC(=O)NC1=CC=C(C=C1)C2=NNC(=NC3=CC=C(C=C3)S(=O)(=O)N4CCOCC4)SC2,2.8184,53.156,0.8,0.9476,-52.3363,0.8197,-1.2,0 0 0 0 0 0 0 1 0 0,-50.4316,,-4.7644,-3.6163,,-7.1707,-12.2722,-27.9537,,-22.567,,-38.0549,-10.4625,-41.103,,-50.4316,
,14746342,135470621,C1=CC=C(C(=C1)C2=CC=C(O2)/C=N/N=C/3\NC(=O)C(S3)CC(=O)O)[N+](=O)[O-],,,,,,,4,,7.8936,2.9147,7.7708,4.3133,0.6075,,2.6657,-3.2977,-2.5656,,5.4243,,3.8988,7.9758,2.2726,,4.8277
,24835095,135482423,CC1=CC=C(C=C1)C2=NNC(=NC3=CC=C(C=C3)F)SC2,,,,,,,4,0 0 1 1 0 0 0 0 0 0 0 0 0 1 0 0 0 0 0 0 0 1 0 0,-12.7804,7.4732,6.2337,8.029,4.6842,,5.0361,0.6867,5.8591,,1.5791,,-2.365,-5.7677,-1.1564,,-13.1033
,24832264,135491645,C1COCCN1S(=O)(=O)C2=CC=C(C=C2)N=C3NN=C(CS3)C4=C(C=CC(=C4)F)F,,,,,,,4,1 0 0 0 0 0 0 0 0 0 1 0 0 0 0 0 0 0 0 0 1 0 1 0,-16.084,-1.5026,-3.9303,-0.1637,-2.9179,,-7.0949,-7.1244,-3.5987,,-4.1991,,-4.8874,-10.0555,-4.3014,,-19.5673
,17504416,135497954,COC1=C(C=CC(=C1)/C=N/N=C\2/NC(=O)C(S2)CC(=O)O)OCC3=CC=C(C=C3)Cl,,,,,,,4,,34.67,24.7776,19.2172,9.7288,16.7432,,17.2558,15.7146,17.9793,,18.5559,,32.793,19.3058,27.9332,,22.5254
,14746374,135500895,C1=CC(=C(C=C1Cl)[N+](=O)[O-])C2=CC=C(O2)/C=N/N=C/3\NC(=O)C(S3)CC(=O)O,,,,,,,4,0 0 0 0 0 0 0 0 0 0 0 0 0 0 0 0 0 0 0 0 0 0 0 0,9.7529,27.0683,23.8545,25.0023,23.0787,,30.4151,26.2012,26.319,,26.399,,24.6955,17.597,21.5635,,3.1576
,14746375,135512424,CC1=CC(=C(C=C1)C2=CC=C(O2)/C=N/N=C\3/NC(=O)C(S3)CC(=O)O)[N+](=O)[O-],,,,,,,4,,12.6604,8.2273,4.1088,3.2988,1.0068,,3.4828,8.0475,6.0999,,3.8486,,9.3874,11.6854,2.5654,,4.365
,17512924,135517108,CC(C)CN1C(=C(SC1=S)/C=C/2\C=NN=C2C3=CC=CC=C3)O,1.4125,40.6895,0.9,0.7686,-29.8325,10.8569,-1.4,0 0 0 0 0 0 0 0 0 0 0 1 0 0 0 1 0 0 0 1 0 1 0 0,-16.0837,7.2731,7.5565,7.784,2.3828,,-6.609,-7.1117,-8.4255,,-16.9371,,-21.0981,-19.1795,-23.8648,,-24.9056
