PUBCHEM_RESULT_TAG,PUBCHEM_SID,PUBCHEM_CID,PUBCHEM_EXT_DATASOURCE_SMILES,Excluded_Points,Activity at 0.049 uM,Activity at 0.111 uM,Activity at 0.223 uM,Activity at 0.389 uM,Activity at 0.446 uM,Activity at 0.890 uM,Activity at 1.786 uM,Activity at 3.090 uM,Activity at 3.571 uM,Activity at 6.310 uM,Activity at 7.147 uM,Activity at 14.27 uM,Activity at 28.53 uM,Activity at 57.14 uM,Activity at 100.00 uM,Compound QC,fit_max,fit_hill,fit_ec50,fit_min,fit_RMSE,fit_R2,max_signal
1,16953865.0,4094710.0,CCN(CC)S(=O)(=O)C1=CC=CC(=C1)NC(=O)NC2=CC=CC(=C2)C(F)(F)F,0 0 0 0 0 0 0 0 0 0,,-12.6783,-13.4707,,-19.8098,-33.2805,-43.5816,,-60.2219,,-83.2013,-93.5024,-92.71,-103.645,,QC'd by DPISMR,104.33010789952648,1.1361258334221562,2.8331035633320014,9.91848527391126,2.718606330156032,0.9935428519403642,103.645
2,14733544.0,2301472.0,C1=COC(=C1)C2=NC3=C(C=C(C=C3)NC(=O)NCCCO)N=C2C4=CC=CO4,0 0 0 0 0 0 0 0 0 0 0 0 0 0 0 0 0 0 0 0 0 0 0 0,-4.35,-5.35,-6.6,-6.6,,-6.6,-7.35,-14.45,,-31.85,-47.9,-51.05,-61.5,,-73.4,QC'd by DPISMR,70.10248834398038,1.7370743150299373,6.945569387882085,4.729370968888064,3.802924148747354,0.9757335690367536,73.4
3,57288397.0,9795907.0,C1=CC=C(C=C1)N2C(=O)C3=C(SC=C3C(=N2)C(=O)O)N,0 0 0 0 0 0 0 0 0 0,,-5.3505,-4.2804,,-4.8154,-6.9556,-5.8855,,-16.5864,,-36.9181,-52.4345,-58.855,-60.4601,,QC'd by NCGCChem,60.41113809566277,2.339596148895904,6.340422080843893,4.842572572427917,0.8234994146185148,0.9987161581398788,60.4601
4,3716752.0,2338527.0,C1COCCN1S(=O)(=O)C2=CC3=C(C=C2)N=C(C(=N3)C4=CC=CO4)C5=CC=CO5,0 0 0 0 0 0 0 0 0 0 0 0 0 0 0 0 0 0 0 0 0 0 0 0,-6.85,-2.6,-6.1,-4.85,,-3.35,-7.6,-13.35,,-27.35,-38.35,-43.35,-52.6,,-60.75,QC'd by DPISMR,58.8563085881464,1.7255422480203129,6.942851448817881,4.075683312943588,2.6567196091395475,0.9829641016606072,60.75
5,7973036.0,5310645.0,CC1=CC2=C(C=CC=C2N=N1)N,0 0 0 0 0 0 0 0 0 0 0 0 0 0 0 0 0 0 0 0 0 0 0 0,-2.95,-3.1,-2.75,-3.15,,-3.85,-3.85,-4.55,,-8.9,-21.95,-13.8,-32.1,,-66.95,QC'd by DPISMR,173.05118703006056,0.877572318529384,176.53885522167735,2.397338968040419,3.4613662219871664,0.9640691164464528,66.95
6,24272907.0,2790671.0,CC1=CC(=CC=C1)OCCCC(=O)NC2=C(C3=C(S2)CCC3C(=O)OC)C(=O)OC,1 0 0 0 0 0 0 0 0 0,,-14.4,-3.2,,-7.2,-16.8,-24,,-37.6,,-42.4,-44,-43.2,-44,,QC'd by Sytravon,43.954540125289256,2.2266028720370525,1.864077041554608,8.288025996935817,2.863640895837696,0.9660523930472078,44.0
7,24272199.0,3119666.0,C1CCC2=C(C1)C(=C(S2)NC(=O)CC3=CC=CC=C3)C(=O)NC4=CC=C(C=C4)Cl,0 0 0 0 0 0 0 0 0 0,,-1.5848,-8.7163,,-11.8859,-14.2631,-33.2805,,-30.1109,,-34.8653,-33.2805,-33.2805,-32.4881,,QC'd by Sytravon,32.94113368476721,7.393464328656332,1.01502962832181,7.33956394027048,2.604322293495778,0.953529469861654,34.8653
7,24272199.0,3119666.0,C1CCC2=C(C1)C(=C(S2)NC(=O)CC3=CC=CC=C3)C(=O)NC4=CC=C(C=C4)Cl,0 0 0 0 0 0 0 0 0 0,,-1.5848,-8.7163,,-11.8859,-14.2631,-33.2805,,-30.1109,,-34.8653,-33.2805,-33.2805,-32.4881,,QC'd by Sytravon,-1.5080281758006464,2.963714646943402,-22.678866595689268,15.175857923091684,,,6.3593
8,57288386.0,9839953.0,COC1=CC=C(C=C1)N2C(=O)C3=C(SC=C3C(=N2)C(=O)O)N,0 0 0 0 0 0 0 0 0 0,,-5.5644,-2.3847,,-9.539,-15.1033,-26.2321,,-23.8474,,-35.7711,-28.6169,-34.9762,-38.9507,,QC'd by NCGCChem,36.00377102550992,1.1487346534853202,1.2255568104251495,1.2754685456633428,3.228235938482672,0.9335416561922938,38.9507
9,14746374.0,135500895.0,C1=CC(=C(C=C1Cl)[N+](=O)[O-])C2=CC=C(O2)/C=N/N=C/3\NC(=O)C(S3)CC(=O)O,0 0 0 0 0 0 0 0 0 0 0 0 0 0 0 0 0 0 0 0 0 0 0 0,-7.1,-6.6,-7.1,-6.85,,-12.85,-22.6,-30.35,,-36.35,-37.1,-39.35,-40.35,,-36.85,QC'd by DPISMR,38.92106127409853,2.058951272873184,1.825257396589448,6.531985789987071,0.868233732125145,0.9961095705179066,40.35
10,57288398.0,25181377.0,C1=CC=C(C=C1)N2C(=O)C3=C(SC=C3C(=N2)C(=O)N)N,0 0 0 0 0 0 0 0 0 0,,-0.5411,1.6234,,2.1645,-2.7056,-8.1169,,-24.8918,,-34.632,-44.3723,-51.9481,-59.5238,,QC'd by NCGCChem,60.787719777584,1.2259268439685096,5.348138251884187,-2.8440044942272817,2.0332683374851848,0.9919568390485172,59.5238
11,24416017.0,3364516.0,CC1=C(SC=C1)CNC2=C(C3=C(S2)CCCC3)C(=O)NC4=C(C=CC(=C4)Cl)OC,0 0 0 0 0 0 0 0 0 0,,0.7949,1.5898,,1.5898,-7.9491,-21.4626,,-27.8219,,-27.027,-31.0016,-31.7965,-34.9762,,QC'd by Sytravon,31.381630015381106,2.340963061496832,1.295540491721766,-2.224681063227885,1.8452273380632425,0.9834629940615056,34.9762
12,57288389.0,686852.0,CCOC(=O)C1=NN(C(=O)C2=C(SC=C21)N)C3=CC=C(C=C3)F,0 0 0 0 0 0 0 0 0 0,,0.5294,2.6469,,4.235,2.6469,-4.7644,,-15.8814,,-29.6453,-33.8804,-36.5273,-35.9979,,QC'd by Chembridge,36.23967330905475,2.270905337746689,3.63565567818013,-2.805468279425904,1.1189010423345918,0.9955505315515736,36.5273
13,57288405.0,25181383.0,C1=CC=C(C=C1)N2C(=O)C3=C(SC=C3C(=N2)N)N,0 0 0 0 0 0 0 0 0 0,,2.1175,5.2938,,3.1763,3.7057,0,,-19.0577,,-30.1747,-37.0566,-44.468,-52.4087,,QC'd by NCGCChem,50.76388470943297,1.4811420856386128,5.269015394863815,-5.25426812765802,2.749696949128921,0.9834754553092504,52.4087
14,57288379.0,753455.0,CCOC(=O)C1=NN(C(=O)C2=C(SC=C21)N)C3=CC=C(C=C3)Cl,0 0 0 0 0 0 0 0 0 0,,0.535,2.1402,,3.7453,0,1.6051,,-16.5864,,-25.6822,-28.8925,-32.6378,-35.848,,QC'd by Asinex,32.77662230985858,2.5855564815951078,3.7673635528991167,-2.3932940827759026,2.1908831777978013,0.9800733538870824,35.848
15,57288394.0,25181376.0,C1=CC=C(C=C1)N2C(=O)C3=C(SC=C3C(=N2)CO)N,0 0 0 0 0 0 0 0 0 0,,-2.6752,0,,-2.6752,-3.7453,-8.5607,,-27.8224,,-36.3831,-42.2686,-51.3644,-57.7849,,QC'd by NCGCChem,57.7757928264812,1.279894416145834,4.9011897953728285,-0.286340984753358,2.622349152022589,0.9847911647814368,57.7849
16,57288362.0,647821.0,CCOC(=O)C1=NN(C(=O)C2=C(SC=C21)N)C3=CC=CC=C3,0 0 0 0 0 0 0 0 0 0,,-8.0257,-5.8855,,-4.2804,-4.8154,-6.9556,,-26.7523,,-38.5233,-41.7335,-41.7335,-40.1284,,QC'd by NCGCChem,40.8082731923562,4.677450391946181,3.29525957972722,5.617833504185561,1.1376318438759094,0.995195104364169,41.7335
16,57288362.0,647821.0,CCOC(=O)C1=NN(C(=O)C2=C(SC=C21)N)C3=CC=CC=C3,0 0 0 0 0 0 0 0 0 0,,-8.0257,-5.8855,,-4.2804,-4.8154,-6.9556,,-26.7523,,-38.5233,-41.7335,-41.7335,-40.1284,,QC'd by NCGCChem,264.5494579223244,0.2933320716328875,27093.86821344927,-2.8865085687610814,6.240344494440087,0.7462819280269716,45.25
17,24272856.0,2790634.0,CC1=CC=C(C=C1)OCCCC(=O)NC2=C(C3=C(S2)CCC3C(=O)OC)C(=O)OC,0 0 0 0 0 0 0 0 0 0,,-9.0909,-9.9174,,-8.2645,-10.7438,-14.876,,-18.1818,,-40.4959,-38.843,-38.0165,-35.5372,,QC'd by Sytravon,38.23683809336141,14.20297461320856,3.8219444980550463,10.570224472892196,1.9829684674079249,0.9776242606468124,40.4959
18,57288376.0,25181368.0,C1=CC=C(C=C1)C2=CNC(=O)C(=C2)N,0 0 0 0 0 0 0 0 0 0,,0,-1.0701,,-1.6051,-8.0257,-9.6308,,-16.5864,,-29.4275,-37.9882,-44.9438,-50.8293,,QC'd by NCGCChem,56.37947068855642,1.043148159122022,7.108316343318085,-0.4220665579885556,1.1617831757992303,0.995964133913028,50.8293
19,24272519.0,3653881.0,C1CCC2=C(C1)C(=C(S2)NC(=O)C3=CC=CS3)C(=O)NC4=CC(=CC=C4)Cl,0 0 0 0 0 0 0 0 0 0,,-11.8859,-7.9239,,-5.5468,-8.7163,-14.2631,,-22.187,,-30.1109,-33.2805,-34.0729,-43.5816,,QC'd by Sytravon,40.47827416914989,1.4165008519442936,4.69961933486146,7.631859401172842,2.6179376110060275,0.95729683828067,43.5816
20,26658061.0,2939678.0,C1=CC=C2C(=C1)C(=CC(=C2O)SCC(=O)O)NS(=O)(=O)C3=CC=CC(=C3)[N+](=O)[O-],0 0 0 0 0 0 0 0 0 0 0 0 0 0 0 0 0 0 0 0 0 0 0 0,-2.25,-2.05,-3.85,-5.7,,-10.9,-14.35,-19.25,,-29.2,-32.45,-33.15,-35.35,,-39.7,QC'd by null,39.35965560305667,1.1685851813765575,2.935099835335711,1.996179115455092,1.329518612030008,0.990541362342228,39.7
21,16952410.0,1589731.0,COC1=CC=C(C=C1)S(=O)(=O)NC2=CC(=C(C3=CC=CC=C32)O)SC4=NC=NN4,0 0 0 0 0 0 0 0 0 0,,0.8071,2.4213,,1.6142,-1.6142,-8.071,,-9.6852,,-27.4415,-48.4262,-51.6546,-49.2333,,QC'd by DPISMR,52.19247745005033,2.3535995335690467,6.418332646031828,0.0770282080370659,2.5429793491115418,0.9862467756431452,51.6546
22,57288364.0,719449.0,CCOC(=O)C1=NN(C(=O)C2=C(SC=C21)N)C3=CC=C(C=C3)OC,0 0 0 0 0 0 0 0 0 0,,0,1.6234,,-1.6234,-2.1645,-7.5758,,-25.974,,-35.1732,-38.961,-38.961,-40.0433,,QC'd by Chembridge,39.3313380181904,2.700765877364739,2.88383330944059,-0.050992375505775,0.8986486494070365,0.997353966623414,40.0433
22,57288364.0,719449.0,CCOC(=O)C1=NN(C(=O)C2=C(SC=C21)N)C3=CC=C(C=C3)OC,0 0 0 0 0 0 0 0 0 0,,0,1.6234,,-1.6234,-2.1645,-7.5758,,-25.974,,-35.1732,-38.961,-38.961,-40.0433,,QC'd by Chembridge,37.7638082986597,3.126194216656576,3.081404647632132,-1.6881186451630428,1.9348943483462324,0.9882903954522312,42.2686
22,57288364.0,719449.0,CCOC(=O)C1=NN(C(=O)C2=C(SC=C21)N)C3=CC=C(C=C3)OC,0 0 0 0 0 0 0 0 0 0,,0,1.6234,,-1.6234,-2.1645,-7.5758,,-25.974,,-35.1732,-38.961,-38.961,-40.0433,,QC'd by Chembridge,109.77737810277956,0.6647483138797369,279.49726219437144,8.291500523156042,1.6504930343094115,0.9704637409796266,42.5
23,57288365.0,719449.0,CCOC(=O)C1=NN(C(=O)C2=C(SC=C21)N)C3=CC=C(C=C3)OC,0 0 0 0 0 0 0 0 0 0,,1.6051,2.1402,,1.0701,0,-2.6752,,-24.077,,-32.6378,-35.848,-36.3831,-42.2686,,QC'd by NCGCChem,39.3313380181904,2.700765877364739,2.88383330944059,-0.050992375505775,0.8986486494070365,0.997353966623414,40.0433
23,57288365.0,719449.0,CCOC(=O)C1=NN(C(=O)C2=C(SC=C21)N)C3=CC=C(C=C3)OC,0 0 0 0 0 0 0 0 0 0,,1.6051,2.1402,,1.0701,0,-2.6752,,-24.077,,-32.6378,-35.848,-36.3831,-42.2686,,QC'd by NCGCChem,37.7638082986597,3.126194216656576,3.081404647632132,-1.6881186451630428,1.9348943483462324,0.9882903954522312,42.2686
23,57288365.0,719449.0,CCOC(=O)C1=NN(C(=O)C2=C(SC=C21)N)C3=CC=C(C=C3)OC,0 0 0 0 0 0 0 0 0 0,,1.6051,2.1402,,1.0701,0,-2.6752,,-24.077,,-32.6378,-35.848,-36.3831,-42.2686,,QC'd by NCGCChem,109.77737810277956,0.6647483138797369,279.49726219437144,8.291500523156042,1.6504930343094115,0.9704637409796266,42.5
24,845471.0,647821.0,CCOC(=O)C1=NN(C(=O)C2=C(SC=C21)N)C3=CC=CC=C3,0 0 0 0 0 0 0 0 0 0 0 0 0 0 0 0 0 0 0 0 1 1 0 0,-1.05,-5.1,-6.1,-7.1,,-7.85,-8.85,-14.45,,-22.8,-27.3,-28.3,-10.95,,-45.25,QC'd by DPISMR,40.8082731923562,4.677450391946181,3.29525957972722,5.617833504185561,1.1376318438759094,0.995195104364169,41.7335
24,845471.0,647821.0,CCOC(=O)C1=NN(C(=O)C2=C(SC=C21)N)C3=CC=CC=C3,0 0 0 0 0 0 0 0 0 0 0 0 0 0 0 0 0 0 0 0 1 1 0 0,-1.05,-5.1,-6.1,-7.1,,-7.85,-8.85,-14.45,,-22.8,-27.3,-28.3,-10.95,,-45.25,QC'd by DPISMR,264.5494579223244,0.2933320716328875,27093.86821344927,-2.8865085687610814,6.240344494440087,0.7462819280269716,45.25
25,4255295.0,829764.0,CCN(CC)C1=CC2=C(C=C1)OC(=O)C(=N2)C,0 0 0 0 0 0 0 0 0 0 0 0 0 0 0 0 0 0 0 0 0 0 0 0,-6.35,-1.8,-7.1,-6.85,,-5.9,-7.15,-7.85,,-16.95,-26.8,-30.05,-46.25,,-60.05,QC'd by DPISMR,64.84482579084077,1.3117391270001886,15.854105052574107,4.828951436796678,2.5972254759060145,0.9786659376709442,60.05
26,3716574.0,2999671.0,CCN1C2=C(C=C(C=C2)C(=O)O)N=C1CSC3=NC=CN3C,0 0 0 0 0 0 0 0 0 0 0 0 0 0 0 0 0 0 0 0 0 0 0 0,-1.6,-4.1,-5.35,-5.1,,-2.1,-7.6,-5.6,,-6.35,-10.85,-10.6,-16.35,,-44.6,QC'd by DPISMR,2114.7837725173963,0.9069976678650256,7656.495780520874,4.033785915770385,1.6319421212662737,0.9785572501808606,44.6
27,24833180.0,2118097.0,C1CCC(=NCC1)NS(=O)(=O)C2=CC3=C(C=C2)SC(=N3)N,0 0 0 0 0 0 0 0 0 0 0 0 0 0 0 0 0 0 0 0 0 0 0 0,-5.6,-4.6,-4.1,-5.1,,-4.1,-2.6,-7.6,,-10.6,-15.1,-17.35,-27.1,,-37.35,QC'd by null,41.476852872846905,1.280387631119556,20.01404822938748,4.162789538638976,1.4522054276916554,0.9803219383116684,37.35
28,26750001.0,3698.0,C1=CN=CC=C1C2=CNC(=O)C(=C2)N,0 0 0 0 0 0 0 0 0 0 0 0 0 0 0 0 0 0 0 0 0 0 0 0,-1.4,0.5,-0.85,-1.45,,-1.15,1.35,-2.7,,-8.35,-12.6,-25.45,-29.7,,-32.4,QC'd by Microsource,31.68094553638313,2.822552028583931,8.777776317975562,0.5158154278788785,0.98090391671573,0.9933517294091786,32.4
29,24272541.0,1350609.0,CC1=CC(=CC=C1)NC(=O)C2=C(SC3=C2CCCC3)NC(=O)C4=CC=CC=C4,0 0 0 0 0 0 0 0 0 0,,-10.3339,-7.9491,,-7.1542,-5.5644,-7.1542,,-7.9491,,-13.5135,-32.5914,-36.566,-38.9507,,QC'd by Sytravon,38.01157742182079,4.204604561057666,9.998051558452158,7.609926533456242,1.1947664708699612,0.9913608283104856,38.9507
30,14742238.0,943158.0,CC1=CC(=CC=C1)NCC2=CC3=C(C=CC(=C3)OC)NC2=O,0 0 0 0 0 0 0 0 0 0 0 0 0 0 0 0 0 0 0 0 0 0 0 0,-6.85,-4.25,-6.1,-5.25,,-5.85,-6.6,-7.4,,-15.55,-32.15,-33.25,-37.7,,-40.9,QC'd by DPISMR,37.28715191672925,19.693548765014743,6.580235116691928,6.038149192745605,1.7370710937612608,0.9845399741971902,40.9
31,24834511.0,2557762.0,CCOC(=O)C1=CC=C(C=C1)S(=O)(=O)NC2=NC3=C(S2)C=CC(=C3)S(=O)(=O)NC4=NCCCCC4,0 0 0 0 0 0 0 0 0 0 0 0 0 0 0 0 0 0 0 0 0 0 0 0,-7.35,-10.45,-9.4,-10.2,,-9.15,-11.45,-12.2,,-17.75,-25.3,-27.3,-31.9,,-42.25,QC'd by Enamine,45.23752704630377,1.099450250142151,13.808859186099223,8.528425062295774,1.8818619198218391,0.9692289177134588,42.25
32,57288371.0,439260.0,C1=CC(=C(C=C1[C@H](CN)O)O)O,0 0 0 0 0 0 0 0 0 0 0 0 0 0 0 0 0 0 0 0 0 0 0 0,-1.8,-2.9,-3.3,-2.9,,-3.9,-5.2,-7.65,,-17.15,-20.9,-27.35,-30.15,,-31.9,QC'd by NCGCChem,31.527327288204653,2.169208316025541,6.050861687473717,2.8498571171627987,0.6128556985272634,0.9970592608475968,31.9
33,57288400.0,25181379.0,C1COCCN1C(=O)C2=NN(C(=O)C3=C(SC=C32)N)C4=CC=CC=C4,0 0 0 0 0 0 0 0 0 0,,-0.535,-2.1402,,-2.1402,-1.6051,-0.535,,-4.2804,,-20.8668,-31.0326,-40.6635,-46.549,,QC'd by NCGCChem,46.56557458605761,1.944523781568088,9.403111976530232,0.7780435737070263,1.70517696145749,0.9902721242845264,46.549
34,17410881.0,3711253.0,CC1=CC=C(C=C1)C(=O)NC2=NC(=O)N(S2)C(=O)C3CC3,0 0 0 0 0 0 0 0 0 0 0 0 0 0 0 0 0 0 0 0 0 0 0 0,-9.7,-8.4,-10.2,-10.45,,-7.6,-8.15,-14.95,,-17.7,-24.05,-28.55,-30.6,,-29.35,QC'd by DPISMR,30.28785622404633,2.519654393380534,5.926849962629172,9.136596634677955,1.561118145459926,0.967749882142716,30.6
35,57288374.0,25181366.0,CN(C)C1=CC=C(C=C1)C2=C(C(=O)NC=C2)N,0 0 0 0 0 0 0 0 0 0,,-4.8,-2.4,,-6.4,-8.8,-15.2,,-19.2,,-24,-32,-42.4,-53.6,,QC'd by NCGCChem,161.0777615548843,0.4688588919281046,241.81507906823063,-1.3565528149230772,1.1705706767837112,0.9948445831469712,53.6
36,24798198.0,992588.0,CCC1=CC=C(C=C1)S(=O)(=O)NC2=CC(=C(C3=CC=CC=C32)O)SCC(=O)O,0 0 0 0 0 0 0 0 0 0 0 0 0 0 0 0 0 0 0 0 0 0 0 0,-2.35,-5.6,-5.6,-5.85,,-4.85,-8.6,-9.35,,-16.1,-26.1,-32.85,-41.1,,-46.85,QC'd by ChemBridge,47.290964143634966,1.6465579392228769,9.169943275997523,4.633491118641925,1.9273430291177576,0.9833804116399044,46.85
37,14746342.0,135470621.0,C1=CC=C(C(=C1)C2=CC=C(O2)/C=N/N=C/3\NC(=O)C(S3)CC(=O)O)[N+](=O)[O-],0 0 0 0 0 0 0 0 0 0 0 0 0 0 0 0 0 0 0 0 0 0 0 0,-2.1,-6.85,-0.5,-1.85,,-3.45,-4.5,-10.3,,-15,-21.1,-23.75,-27.15,,-32.45,QC'd by DPISMR,31.53829030002517,1.5091505282540547,6.508569400802085,2.4327669484171266,1.93905470692908,0.967007559315807,32.45
38,850961.0,2877277.0,CC1=C(SC(=N1)NC(=O)C)C2=CSC(=N2)NC3=CC=C(C=C3)O.Br,0 0 0 0 0 0 0 0 0 0 0 0 0 0 0 0 0 0 0 0 0 0 0 1,-7.6,-4.35,-8.1,-6.6,,-4.85,-6.1,-6.6,,-7.6,-9.35,-8.85,-14.6,,-38.2,QC'd by DPISMR,117.74951869626796,1.2905252028439085,203.07683077852303,6.298971925153683,1.112427596025106,0.9840219622544786,38.2
39,57288399.0,25181378.0,C1=CC=C(C=C1)CNC(=O)C2=NN(C(=O)C3=C(SC=C32)N)C4=CC=CC=C4,0 0 0 0 0 0 0 0 0 0,,-1.6051,-2.1402,,-2.6752,-4.8154,-2.6752,,-4.8154,,-22.4719,-31.5677,-33.1728,-34.2429,,QC'd by NCGCChem,33.33457393848285,4.341369838737577,6.270431671713064,2.703393677684828,0.8857424097504795,0.9958208471096434,34.2429
40,14728035.0,903329.0,CN1C(=C(C=N1)Cl)C(=O)NC2=CC(=CC=C2)Cl,0 0 0 0 0 0 0 0 0 0 0 0 0 0 0 0 0 0 0 0 0 0 0 0,-7.35,-6.35,-6.1,-5.85,,-5.6,-5.1,-5.1,,-5.1,-7.6,-8.1,-14.35,,-30.85,QC'd by Specs,33.82428134396958,2.3592587019856928,40.6186548775161,5.915838062923063,0.7473348276635972,0.9887180851791698,30.85
41,17512924.0,135517108.0,CC(C)CN1C(=C(SC1=S)/C=C/2\C=NN=C2C3=CC=CC=C3)O,0 0 0 0 0 0 0 0 0 0 1 1 0 1 1 0 0 0 0 0 0 0 0 0,-2.75,-0.95,-1.1,-1.85,,-6,-8.55,-10.9,,-16.35,-19.05,-16.35,-15.95,,-17.1,QC'd by InterBioScreen,17.31462208995228,1.9146834111946909,1.9590029931725323,1.6356699461545754,1.2663793681808455,0.9647901849044208,19.05
42,57288380.0,2247401.0,COC1=CC=CC(=C1)/C=C/2\C(=O)N(C(=S)S2)CC(=O)NC3=NC=CS3,0 0 0 0 0 0 0 0 0 0,,0.8071,-3.2284,,2.4213,-3.2284,-8.8781,,-11.2994,,-4.8426,-18.5634,-16.1421,-31.477,,QC'd by Innovapharm,90.06562304068544,0.6386561981040398,180.42116957460595,0.1281369125840549,3.708679111259309,0.8569685098242551,31.477
43,57288367.0,11957514.0,CC([C@@H](C1=CC(=C(C=C1)O)O)O)N,0 0 0 0 0 0 0 0 0 0 0 0 0 0 0 0 0 0 0 0 0 0 0 0,0.45,0.25,0.1,0.85,,-1.6,-2.75,-4.05,,-9.7,-13.7,-19,-23.95,,-28.3,QC'd by NCGCChem,29.05369529079717,1.4146967444234384,8.905392651244288,-0.3948211828195375,0.7426876697929558,0.994428270846072,28.3
44,24270064.0,15989600.0,COC1=C(C=C(C=C1)NC(=O)CN2C=C(C3=CC=CC=C3C2=O)S(=O)(=O)N4CCN(CC4)C5=CC=CC=C5F)Cl,0 0 0 0 0 1 0 0 1 0 1 0 0 0 0 0 0 0 0 0 0 0 0 0,-5.65,-4.7,-8.2,-6,,-8.55,-8.75,-8.95,,-8.95,-9.3,-10.8,-11.35,,-15.15,QC'd by Sytravon,51.16621523425078,0.3059322463926608,6646.642917513014,4.60856201006756,0.8466186494519925,0.9000686619627674,15.15
45,24395281.0,16017377.0,CN(C1=CC=CC=C1)S(=O)(=O)C2=NN=C(S2)NC(=O)C3CCCCC3,0 0 0 0 0 0 0 0 0 0 0 0 0 0 0 0 0 0 0 0 0 0 0 0,-1.1,-1.3,-1.5,-1.1,,-0.55,-0.95,-2.05,,-4.55,-6.75,-8.05,-18.75,,-30.5,QC'd by Sytravon,35.31013883613214,1.483321423131669,28.95952552320965,1.0592592421130331,0.8611097913416634,0.990418092015334,30.5
46,26661534.0,2384301.0,CC1=CC=C(C=C1)S(=O)(=O)N(C)C2=NC3=CC=CC=C3NC2=S,0 0 0 0 0 0 0 0 0 0 0 0 0 0 0 0 0 0 0 0 0 0 0 0,-6.35,-7.6,-8.9,-10.95,,-10.9,-12.95,-11.45,,-11.45,-14.95,-12.7,-15.45,,-23.55,QC'd by null,173.62652845377914,0.4338619455487444,20627.666564833733,7.842958298434034,1.4801470191446051,0.879601277858737,23.55
47,17431974.0,970535.0,C1=CC(=CC(=C1)[N+](=O)[O-])NC(=O)NC2=CC=C(C=C2)OC(F)(F)F,0 0 0 0 0 0 0 0 0 0 0 0 0 0 0 0 1 0 0 0 0 0 0 1,-1.4,-3.6,-2.5,-3.35,,-4.15,-4.9,-5.5,,-14.4,-28.5,-12,-19,,-25.3,QC'd by ChemBridge,21.16406257067751,76.51331008138966,6.271478028534131,3.629162126992551,3.7782953629045353,0.8242692781362234,28.5
48,4259887.0,719449.0,CCOC(=O)C1=NN(C(=O)C2=C(SC=C21)N)C3=CC=C(C=C3)OC,0 0 0 0 0 0 0 0 0 0 0 0 0 0 0 0 0 0 0 0 0 0 0 0,-9.65,-10.45,-9.4,-7.6,,-8.9,-9.4,-13.95,,-16.7,-20,-18.95,-25.8,,-42.5,QC'd by DPISMR,39.3313380181904,2.700765877364739,2.88383330944059,-0.050992375505775,0.8986486494070365,0.997353966623414,40.0433
48,4259887.0,719449.0,CCOC(=O)C1=NN(C(=O)C2=C(SC=C21)N)C3=CC=C(C=C3)OC,0 0 0 0 0 0 0 0 0 0 0 0 0 0 0 0 0 0 0 0 0 0 0 0,-9.65,-10.45,-9.4,-7.6,,-8.9,-9.4,-13.95,,-16.7,-20,-18.95,-25.8,,-42.5,QC'd by DPISMR,37.7638082986597,3.126194216656576,3.081404647632132,-1.6881186451630428,1.9348943483462324,0.9882903954522312,42.2686
48,4259887.0,719449.0,CCOC(=O)C1=NN(C(=O)C2=C(SC=C21)N)C3=CC=C(C=C3)OC,0 0 0 0 0 0 0 0 0 0 0 0 0 0 0 0 0 0 0 0 0 0 0 0,-9.65,-10.45,-9.4,-7.6,,-8.9,-9.4,-13.95,,-16.7,-20,-18.95,-25.8,,-42.5,QC'd by DPISMR,109.77737810277956,0.6647483138797369,279.49726219437144,8.291500523156042,1.6504930343094115,0.9704637409796266,42.5
49,57288387.0,25181372.0,CCN(CC)C(=O)C1=NN(C(=O)C2=C(SC=C21)N)C3=CC=C(C=C3)OC,0 0 0 0 0 0 1 0 0 0,,5.6497,0.8071,,1.6142,5.6497,0,,-7.2639,,-15.3349,0,-12.1065,-39.548,,QC'd by NCGCChem,1672.2265463087467,1.2889042097425,1041.3598472694405,-0.5101809478932114,5.690601885098571,0.8094323485284252,39.548
50,22411474.0,2488340.0,CN(C1=CC=C(C=C1)O)C(=S)NC2=CN=CC=C2,0 0 0 0 0 0 0 0 0 0 0 0 0 0 0 0 0 0 0 0 0 0 0 0,-5.35,-7.35,-8.85,-5.85,,-7.35,-10.1,-12.85,,-18.85,-18.1,-24.1,-26.85,,-28.85,QC'd by Enamine,29.236932581216205,1.4228372433133527,6.202167283904075,6.597495499945618,0.8979361149277024,0.987864182300356,28.85
51,26658460.0,939236.0,COC1=CC2=C(C=C1)NC(=O)C(=C2)CNC3=CC=CC=C3OC,1 0 0 0 0 0 0 0 0 0 0 0 0 0 0 0 0 0 0 0 0 0 0 0,3.45,-3.3,-6,-3,,-1.95,-1.7,-2.2,,-3.05,-11.75,-2.5,-25,,-35.8,QC'd by null,35.827454210946584,11.062538283331794,26.795919791365584,3.1831925329511064,3.298830595007835,0.9081629130283324,35.8
52,24832264.0,135491645.0,C1COCCN1S(=O)(=O)C2=CC=C(C=C2)N=C3NN=C(CS3)C4=C(C=CC(=C4)F)F,0 0 0 0 0 0 0 0 0 0 0 0 0 0 0 0 0 0 0 0 0 0 0 0,-6.6,-3.4,-6.85,-6.85,,-3.95,-9.5,-11.35,,-16.6,-23.45,-22.15,-23.75,,-23.45,QC'd by Enamine,23.63983072741824,2.447936517971656,3.987707240271124,5.643559453719477,1.6992002199167302,0.9529240765601992,23.75
53,57288395.0,2814251.0,CCOC(=O)C1=NN(C(=O)C2=C(SC=C21)NC(=O)C)C3=CC=CC=C3,0 0 0 0 0 0 0 1 0 1,,-4.7644,-1.5881,,-1.5881,-3.7057,-4.235,,-2.6469,,-6.8819,-3.1763,-54.5262,-14.2933,,QC'd by NCGCChem,34.40974996246328,1654.893483496479,21.99054483728479,3.573299948322082,9.116259732286045,0.6467295280865988,54.5262
54,14718768.0,841172.0,CCN1C(=CC=N1)C(=O)NC2=CC(=CC(=C2)Cl)Cl,0 0 0 0 0 0 0 0 0 0 0 0 0 0 0 0 0 0 0 0 0 0 0 0,-4.9,-5.1,-4.75,-5.3,,-4.75,-5.3,-5.15,,-4.75,-4.4,-5.1,-8.4,,-17.4,QC'd by Specs,4.949477319395734,-10.628305900618235,31.228239875129272,17.400452888941405,0.2506834700774968,0.9948557655152916,17.4
55,22410419.0,135401250.0,CN(C)S(=O)(=O)C1=CC=CC(=C1)N=C2NN=C(CS2)C3=CC=CC=C3,1 0 0 0 0 0 0 0 0 0 0 0 0 0 1 1 1 0 0 0 0 0 0 0,-6.85,-4.45,-4.25,-7.4,,-4.75,-3.4,-7.1,,-2.4,-15.6,-12.4,-15.55,,-17.95,QC'd by Enamine,15.372853217153294,156.91028752637308,6.759039088313127,5.072336057614796,1.8110640747986928,0.877866174973017,17.95
56,26663259.0,3976167.0,CC1=CC=C(C=C1)N2C(=O)C(SC2=O)CC3=CC=CC=C3,0 0 0 0 0 0 0 0 0 0 0 0 0 0 0 0 0 0 0 0 0 0 0 1,-1.85,-2.35,-2.85,-4.1,,-3.35,-4.1,-3.35,,-4.85,-6.1,-6.6,-8.85,,-15.35,QC'd by null,2.382314608595299,-0.570205780292295,35117.84780182213,382.761623002853,0.5407035849687165,0.9771041239187522,15.35
57,22412167.0,736077.0,CC1=C2C(=C(S1)N)C(=O)N(N=C2C(=O)OC)C3=CC=C(C=C3)OC,0 0 0 0 0 0 0 0 0 0 0 0 0 0 0 0 0 0 0 0 0 0 0 0,-7.85,-9.9,-8.9,-8.6,,-7.1,-6.85,-6.85,,-6.85,-8.15,-7.1,-10.45,,-23.05,QC'd by Specs,23.053992836895183,9.36389713233688,33.73362031642514,7.816146557410021,0.9163887860780008,0.954710699603298,23.05
58,24401619.0,16023227.0,C1COC2=C(O1)C=C3C=C(C(=O)N(C3=C2)CC(=O)NC4=CC=CC=C4Cl)CNC5=CC=CC=C5,0 0 0 0 0 0 0 0 0 0 0 0 0 0 0 0 0 0 0 0 0 0 0 0,-0.75,-1.3,-3.25,-2.2,,-3.8,-5.1,-5.3,,-6.55,-9.1,-8.05,-11.85,,-24.1,QC'd by Sytravon,316.54132565680135,0.559893687099544,10032.016764280874,1.601605782529698,1.0150954273089046,0.9723074620833948,24.1
59,24803205.0,890662.0,C1=CC=C(C(=C1)CNC2=CC=CC3=C2N=CC=C3)O,0 0 0 0 0 0 0 0 0 0 0 0 0 0 0 0 0 0 0 0 0 0 0 0,-3.3,-4.95,-3.5,-3.5,,-3.45,-2.8,-3.45,,-4.95,-8,-7.5,-12.9,,-28.1,QC'd by Asinex Ltd.,52.06841595346729,1.161205449016615,97.68641788304356,3.487373012836461,0.9243989870374036,0.9820174985192752,28.1
60,26728021.0,6409922.0,CC1=CC2=C(C=CC=C2NC(=O)NC3=CC=CC=C3)N=N1,0 0 0 0 0 0 0 0 0 0 0 0 0 0 0 0 0 0 0 0 0 0 0 0,-7.6,-8.1,-10.1,-5.85,,-7.35,-7.85,-5.85,,-7.6,-7.1,-8.35,-11.85,,-17.85,QC'd by null,18.081516443812795,3.28392636184518,31.686299499219707,7.484392706287052,1.0402408585264888,0.8915785767774612,17.85
61,24835095.0,135482423.0,CC1=CC=C(C=C1)C2=NNC(=NC3=CC=C(C=C3)F)SC2,0 0 0 0 0 0 0 0 0 0 0 0 0 0 0 0 0 0 0 0 0 0 0 0,-9.15,-10.45,-8.4,-9.15,,-6.35,-8.35,-6.6,,-8.15,-10.2,-10.45,-11.7,,-16.7,QC'd by Enamine,18.68203829097864,1.6186639702779513,41.93331619310982,8.42080725080889,1.1480551993520192,0.8063632745495719,16.7
62,17410825.0,3614254.0,CC1=CC=C(C=C1)C(=O)NC2=NC(=O)N(S2)C(=O)CC(C)C,0 0 0 0 0 0 0 0 0 0 0 0 0 0 1 0 0 0 0 0 0 0 1 1,-3.4,-0.55,-4.2,-4.2,,-3.4,-8.45,-8.15,,-6.85,-17.95,-18.75,-15.05,,-11.85,QC'd by DPISMR,15.88788294729022,175.9378175763565,6.3599694108978655,4.620472581587841,2.5244616508010416,0.8104655491954622,18.75
63,24272882.0,2790650.0,CC(C)(C)C1=CC=C(C=C1)OCCCC(=O)NC2=C(C3=C(S2)CCC3C(=O)OC)C(=O)OC,0 0 0 0 0 0 0 0 1 0 0 0 0 0 0 0 0 0 0 0 0 0 0 0,-2.6,-3.3,-2.4,-2.95,,-12.2,-3.5,-2.95,,-3.65,-4.75,-4.75,-5.65,,-14.9,QC'd by Sytravon,4.304832094079854,-11.702628912488828,33.64558650383257,14.901242608293591,2.5003639765109096,0.576638129966467,14.9
64,17432888.0,1557889.0,C/C(=C\C1=CC=CC=C1)/C=C\2/C(=O)N(C(=S)S2)NC(=O)C3=CC(=CC=C3)O,0 0 0 0 0 0 0 0 0 0 0 0 0 0 0 0 0 0 0 0 0 0 0 0,-3.6,-2.85,-3.85,-2.6,,-2.85,-6.6,-7.35,,-11.85,-16.35,-13.6,-25.6,,-35.1,QC'd by ChemBridge,47.0615707141625,0.8526548612945783,30.659223127158317,2.50383281623103,1.834689562675061,0.9655361847538616,35.1
65,4261587.0,753627.0,COC1=CC=CC(=C1O)CNC2=CC=CC3=C2N=CC=C3,0 0 0 0 0 0 0 0 0 0 0 0 0 0 0 0 0 0 0 0 0 1 0 0,-2.1,-0.25,-1.6,-1.55,,-2.1,-2.35,-4.25,,-3.95,-4.2,-6.85,-12.15,,-17.45,QC'd by DPISMR,1.5924526078513204,-1.2641810451362694,26.643321250250757,20.589956710057237,0.6814911299408982,0.9802089595845378,17.45
66,14746375.0,135512424.0,CC1=CC(=C(C=C1)C2=CC=C(O2)/C=N/N=C\3/NC(=O)C(S3)CC(=O)O)[N+](=O)[O-],0 0 0 0 0 0 0 0 0 0 0 0 0 0 0 0 0 0 0 0 0 0 0 0,-5.35,-5.1,-4.85,-5.1,,-6.35,-5.1,-8.35,,-7.35,-11.95,-10.45,-12.95,,-26.8,QC'd by DPISMR,575.8023399800527,0.6777845410082789,11973.47667833978,5.022033311481922,1.2267753746374097,0.9579374712966516,26.8
67,24276604.0,1598875.0,COC(=O)C1=CC=CC=C1NC(=O)CSC2=NC3=C(C4=C(S3)CCCC4)C(=O)N2,0 0 0 0 0 0 0 0 0 0 0 0 0 0 0 0 0 0 0 0 0 0 0 0,-3.3,-2.2,0.5,-1.5,,-0.8,-1.85,-2.2,,-2.75,-6.4,-4.75,-5.3,,-20.5,QC'd by Sytravon,2.513275167361991,-7.842660764342368,35.33725126117825,20.502117055268144,1.693098998056083,0.8955659658196365,20.5
68,14744244.0,4876538.0,CC(C)C(C)NC(=O)CSC1=NC2=C(C(=CS2)C3=CC=CO3)C(=O)N1C4=CC=CC=C4,0 0 0 0 0 0 0 0 0 0 0 0 0 0 0 0 0 0 0 0 0 0 0 0,-3.85,-5.1,-8.6,-9.1,,-7.85,-6.6,-10.35,,-8.85,-11.35,-12.1,-18.35,,-46.85,QC'd by DPISMR,3009.1398710400304,0.9947575183277272,7596.406064823476,6.9587330385038815,1.5496561339307464,0.9800748508874058,46.85
69,22403818.0,1321754.0,CN(C)C1=CC=C(C=C1)N2C(=O)CSC2=S,1 0 0 0 0 0 0 0 0 0 0 0 0 0 0 0 0 0 0 0 0 0 0 0,-7.4,-6.85,-6.05,-3.65,,-6.05,-4.5,-5.85,,-5.55,-11.3,-10.55,-15.3,,-13.7,QC'd by ChemBridge,14.420745810061304,2.558188086038496,9.97357216297072,5.705360728614921,1.5473651844845897,0.8136829536628507,15.3
70,57288372.0,25181364.0,C1=CNC(=O)C(=C1C2=CC=NC=C2)N,0 0 0 0 0 0 0 0 0 0 0 0 0 0 0 0 0 0 0 0 0 0 0 0,-5.2,-6.15,-6.15,-5.95,,-5.55,-4.6,-6.5,,-6.9,-8.8,-9.55,-11.45,,-18.65,QC'd by NCGCChem,29.20409136693938,0.967006779873982,80.46848874306693,5.515902759077801,0.653263131974265,0.9695633810815408,18.65
71,17388235.0,2902308.0,CC1=C(SC(=N1)NC(=O)C)C2=CSC(=N2)NC3=CC(=CC=C3)[N+](=O)[O-],0 0 0 0 0 0 0 0 0 0 0 0 0 0 0 0 0 0 0 0 0 0 0 0,-2.6,-2.75,-1.85,-2.05,,-0.95,-2.2,-2.05,,-2.2,-3.45,-0.95,-3.65,,-21.75,QC'd by DPISMR,2.105705180209766,-9.183713484174469,37.31244595022788,21.7524293706056,0.6604232363655027,0.9853030788436712,21.75
72,17413594.0,2976659.0,C1COCCN1C2=C(C=C(C=C2)C(=O)NC3=CC=C(C=C3)C4=NC5=CC=CC=C5O4)[N+](=O)[O-],0 0 0 0 0 0 0 0 0 1,,-7.9239,-14.2631,,-10.3011,-25.3566,-27.7338,,-34.0729,,-40.412,-28.5261,-22.9794,-19.8098,,QC'd by DPISMR,36.419042031845535,3.118091207374304,-46.62410253347424,15.175857923091684,,,40.412
73,14746106.0,2877257.0,CC1=C(SC(=N1)NC(=O)C)C2=CSC(=N2)NC3=CC=C(C=C3)OC.Br,0 0 0 0 0 0 1 0 0 0 0 0 0 0 0 0 0 0 0 0 1 0 0 0,-2.5,2.9,-1.7,-13.9,,0.75,-2,2.4,,-5.2,-8.2,-10.9,1,,-22.3,QC'd by DPISMR,3.3954545648558048,-584.8647690486883,58.78443548523708,22.29999996842516,5.069124453717103,0.5151330111270437,22.3
74,57288373.0,25181365.0,C1=CC=C(C=C1)C2=C(C(=O)NC=C2)N,0 0 0 0 0 0 0 0 0 0 0 0 0 0 0 0 0 0 0 0 1 0 1 1,-6.35,-6.5,-6.15,-6.7,,-6.5,-7.85,-9.9,,-10.9,-9.2,-16.55,-19.95,,-3.65,QC'd by NCGCChem,12.696223675960214,2.2638869523063536,3.4621208017094447,6.444051983710333,3.6420134611746793,0.3472356604479277,19.95
75,57288375.0,25181367.0,CN(C)C(=O)C1=CC=C(C=C1)C2=C(C(=O)NC=C2)N,0 0 0 0 0 0 0 0 0 0 0 0 0 0 0 0 0 0 0 0 0 0 0 0,-3.9,-3.85,-3.5,-2.75,,-5.2,-4.85,-4.8,,-8.25,-6.7,-9.95,-13.15,,-17.7,QC'd by NCGCChem,3.584600339990175,-1.030605169799863,23.662054555005447,20.910101443407047,0.6349061399424233,0.9785187381233806,17.7
76,26670253.0,135465963.0,CC(=O)NC1=CC=C(C=C1)C2=NNC(=NC3=CC=C(C=C3)S(=O)(=O)N4CCOCC4)SC2,0 0 0 0 0 0 0 0 0 0,,6.4568,8.8781,,8.071,15.3349,23.406,,24.2131,,25.0202,21.7918,31.477,32.2841,,QC'd by null,-37.46428163646446,0.4079543113403108,0.4492858382150849,12.957944565248642,2.7956160492041806,0.9035894088028936,-6.4568
77,57288406.0,10987982.0,CCOC(=O)C1=C(SC2=C1CCOC2)N,0 0 0 0 0 0 0 0 0 0,,-1.0823,-1.0823,,-4.329,-4.329,-6.4935,,-5.4113,,-5.4113,-5.4113,-5.4113,-6.4935,,QC'd by J&W Pharm,0.2461681006270696,-0.0410398112930673,-72.75565473447328,9.921952422903097,,,6.4935
78,17410257.0,1486935.0,CN1C(=O)N=C(S1)NC(=O)C2=CC=CC=C2,0 0 0 0 1 0 0 0 0 1,,-4.7544,1.5848,,-2.3772,-0.7924,-9.5087,,0,,0.7924,1.5848,-2.3772,-3.962,,QC'd by DPISMR,1.001961676620624,2.597928936651402,-0.1762836732689541,15.175857923091684,,,9.5087
79,4257143.0,892123.0,CN1C=C(C(=N1)C(=O)NC2=C(C(=CC=C2)Cl)Cl)Cl,0 0 0 0 0 0 0 0 0 0 0 0 0 0 1 0 0 0 0 0 0 0 0 0,-7.35,-8.15,-8.15,-9.4,,-8.35,-8.35,-6.1,,-7.35,-5.1,-3.35,-5.1,,-4.85,QC'd by DPISMR,4.501429116186265,2.1917037775754737,4.610719309595475,8.294653738775573,0.856211716036925,0.767208761497785,9.4
80,57288366.0,7595.0,C1=CC=C(C=C1)NC(=O)NC2=CC=CC=C2,,-3.1,-1.4,-2.35,-1.8,,-1.6,-2.35,-2.55,,-3.3,-1.8,-1.25,-2.7,,-2.15,QC'd by NCGCChem,1.8596876485152496,-0.0107750025770296,23486460.92256788,2.5909111099244675,0.6233522116421161,-9.62512586875075e-05,3.3
81,7975827.0,1824214.0,COC(=O)CSC1=NC2=C(S1)C=C(C=C2)NC(=O)CSC3=NN=NN3CC4=CC=CC=C4,0 0 0 0 0 0 0 1 0 0 0 0 0 1 1 1 0 0 0 0 0 0 0 0,-5.1,-6.1,-5.35,-5.35,,-7.1,-6.6,-8.85,,-5.6,-6.6,-7.85,-9.1,,-9.6,QC'd by DPISMR,4.486764690852699,-0.3043873985149379,218.90607457516637,15.916758732407756,0.8905528098769758,0.6528756999567968,9.6
82,14727173.0,3129653.0,CC(C)(C)C(=O)NC1=C(C2=C(S1)CCC2C(=O)OC)C(=O)OC,0 0 0 0 0 0 1 0 0 0 0 0 0 0 0 0 0 0 0 0 0 0 0 0,-1.95,1.55,1.3,1.85,,0.2,1,0.7,,-1.4,-4.1,-0.35,-5.75,,-2.5,QC'd by DPISMR,-2.2633475764871167,4.362827205187284,-472.2538304622036,2.1499118464500064,,,5.75
83,11114056.0,2415.0,CC1=C(C2=C(N1C(=O)C3=CC=C(C=C3)Cl)C=CC(=C2)OC)CC(=O)N4CCOCC4,,-1.45,-0.35,-0.95,-0.7,,0,-1.65,-1.1,,-2,-1.6,-1.25,-2.4,,-2.9,QC'd by Tocris,14.207217328730822,-1.227231588870504,-54351.70491852719,-3.9368060526345454,,,2.9
84,17504416.0,135497954.0,COC1=C(C=CC(=C1)/C=N/N=C\2/NC(=O)C(S2)CC(=O)O)OCC3=CC=C(C=C3)Cl,1 0 0 0 0 0 0 0 0 0 0 0 0 0 0 0 0 0 0 0 0 0 0 0,1.4,-0.85,-0.85,-2.6,,-2.85,-3.85,-3.6,,-4.6,-6.6,-5.6,-5.1,,-7.85,QC'd by ChemBridge,-3.370422224838271,2.317721880853015,-30.86027331333792,12.035501744561278,,,7.85
85,24826318.0,3032310.0,C1C2=CC=CC=C2NC1=S,1 0 0 0 0 0 0 0 0 0,,-21.4626,-23.0525,,-22.2576,-31.0016,-32.5914,,-27.027,,-21.4626,-15.1033,-10.3339,-9.539,,QC'd by null,26.215122545285432,-3.044283607640533,10.784472990536326,9.588749337851525,3.407201504736349,0.7909650908904909,32.5914
86,26727964.0,2795856.0,CC(C)(C)C1=CC=C(C=C1)NC(=O)N2CCN(CC2)C3=NC=C(C=C3)[N+](=O)[O-],0 0 0 0 0 0 0 0 0 0 0 0 0 0 0 0 0 1 0 0 0 0 0 0,-2.6,-4.1,-5.1,-2.85,,-3.85,-4.6,-3.6,,-5.1,-8.4,-6.6,-7.85,,-12.95,QC'd by null,3.345600233194165,-0.6004780337086177,632.9847998513699,41.67445587848742,1.0537367931005757,0.8601707939849929,12.95
87,24386631.0,16010129.0,C1=CC=C2C(=C1)C(=O)N(C3=C(S2(=O)=O)C=CC(=C3)C(=O)NC4=CC=CC(=C4)C#N)CC5=CC(=CC=C5)Cl,0 0 0 0 0 0 0 0 0 0 0 0 0 0 1 0 0 0 0 0 0 0 0 0,-4.55,-4.55,-4.35,-3.65,,-4.4,-3.45,-3.1,,-4.2,-2.35,-2.4,-1.1,,-0.9,QC'd by Sytravon,1.958409718157512,2.727389072516908,-0.1762836732689541,15.175857923091684,,,4.55
88,24409434.0,2138945.0,C1CCN(C1)S(=O)(=O)C2=CC3=C(C=C2)N=C(S3)NC(=O)C4=CC=C(C=C4)F,0 0 0 0 0 0 0 0 0 0 0 0 0 0 0 0 1 0 0 0 0 0 0 0,-1.45,-1.5,-1.3,-0.55,,-1.45,-1.8,-3.25,,-6.75,9.3,-4.15,-6.2,,-4.75,QC'd by Sytravon,1.947450303759596,-3.8514619800776138,-94.48878244799056,4.232528069776259,,,6.75
89,57288390.0,25181373.0,COC(=O)C1CCC2=C1C(=C(S2)NC(=O)CC3=CC=CC=C3)C(=O)NC4=CC=C(C=C4)Cl,1 0 0 0 0 0 0 0 0 0,,0,-3.1696,,-4.7544,-5.5468,-8.7163,,-5.5468,,0,1.5848,3.1696,2.3772,,QC'd by NCGCChem,-0.8191617503536861,2.923309707462624,-61.46473936491974,15.175857923091684,,,8.7163
90,57288381.0,5918015.0,CCOC(=O)N1CCN(CC1)C(=O)CN2C(=O)/C(=C\C3=CC(=CC=C3)OC)/SC2=S,0 0 0 0 0 0 0 0 0 0,,5.5644,3.1797,,5.5644,5.5644,3.1797,,5.5644,,3.9746,-3.1797,-5.5644,-18.283,,QC'd by Innovapharm,-5.08445729477631,-1.1611683152120778,170.298620694779,100.64958326049694,1.404355761303192,0.96293733994484,18.283
91,57288404.0,798725.0,CCOC(=O)C1=NN(C(=O)C2=C(SC=C21)N)C3=CC(=C(C=C3)C)C,0 0 0 0 0 0 0 0 0 0,,0.535,-4.2804,,-3.7453,-1.6051,-3.2103,,-18.1915,,-24.077,-26.7523,-25.1471,-29.4275,,QC'd by NCGCChem,26.54971205388325,4.605928773018272,3.143204663319966,2.1351387499153844,1.708688164334042,0.9779363355012164,29.4275
92,24395130.0,16017249.0,CC1=NN(C(=O)C2=CC=CN12)CC(=O)NCC3=CC=C(C=C3)OC,,10.6,-2.55,-2.2,-2.55,,-2.2,-3.65,-2.75,,-2.55,-1.65,-3.1,-3.45,,-2.55,QC'd by Sytravon,-7.728271429856118,-0.0850959817266639,-193.99293380562364,15.059952023814285,,,3.65
93,4262654.0,1307421.0,C1COCCN1C(=O)CSC2=NC3=C(C(=CS3)C4=CC=CO4)C(=O)N2C5=CC=CC=C5,0 0 0 0 0 1 0 0 0 1,,-3.1797,-2.3847,,-3.1797,-3.1797,-3.9746,,-7.1542,,-1.5898,1.5898,2.3847,-7.9491,,QC'd by DPISMR,2.129425154796081,2.6076876687034622,-0.1762836732689541,15.175857923091684,,,7.9491
94,57288396.0,3639936.0,CCOC(=O)C1=NN(C(=O)C2=C(SC=C21)NC(=O)C3=CC=CC=C3)C4=CC=CC=C4,0 0 0 0 0 0 0 0 0 0,,-8.9995,-7.4113,,-4.235,-4.7644,-5.8232,,-4.235,,-3.7057,-5.2938,-3.7057,-5.8232,,QC'd by NCGCChem,7.415974342046851,4.581637945868292,-0.4675996006656449,17.512907764402616,,,8.9995
95,57288368.0,5814.0,C1=CC(=C(C=C1[C@@H](CN)O)O)O,,-0.65,-1.95,-2.9,-3.1,,-4.25,-5.35,-4.65,,-4.85,-5.8,-5,-4.85,,-5.2,QC'd by NCGCChem,-2.7829053434351225,-0.0563434961323845,-177.048319947771,14.308397236978234,,,5.8
96,24272197.0,1268017.0,CC1=CC=C(C=C1)NC(=O)C2=C(SC3=C2CCCC3)NC(=O)CC4=CC=CC=C4,0 0 0 0 0 0 0 0 0 0,,0.8071,-1.6142,,0,0.8071,-0.8071,,-0.8071,,-3.2284,-4.0355,-5.6497,-10.4923,,QC'd by Sytravon,-0.1880863454204187,-0.7360104992218823,1637.4400944252743,134.55890151245202,0.7889466457877933,0.9440901544750462,10.4923
97,24395406.0,16017499.0,C1CCC(CC1)C(=O)NC2=NN=C(S2)S(=O)(=O)NC3=CC=CC=C3,0 0 0 0 0 0 0 0 0 0 0 0 0 0 0 1 0 0 0 0 0 0 0 1,-2.2,-2.55,-2.55,-2.4,,-3.45,-3.45,-2.35,,10.25,-3.65,-3.3,-4.6,,-5.85,QC'd by Sytravon,2.7370757324320416,-0.2647398160676823,-119189.70197520735,5.3590994118559605,,,5.85
98,57288378.0,2288678.0,CCOC(=O)C1=NN(C(=O)C2=C(SC=C21)N)C3=CC=CC(=C3)C(F)(F)F,0 0 0 0 0 0 0 0 0 0,,4.7544,3.1696,,0.7924,-0.7924,-1.5848,,-3.962,,-7.1315,-8.7163,-7.9239,-12.6783,,QC'd by Asinex,3.0779202350057338,1.177041607598996,-43.96780228924792,15.449331811549795,,,12.6783
99,57288403.0,25181382.0,CCOC(=O)C1=CC=C(C=C1)N2C(=O)C3=C(SC=C3C(=N2)C(=O)OCC)N,0 0 0 0 0 0 0 0 0 0,,3.7453,-2.1402,,3.7453,-1.6051,1.6051,,-6.9556,,-12.8411,-13.9112,-14.4462,-19.2616,,QC'd by NCGCChem,16.446290388549475,2.329968845506468,4.127076727537469,-1.4856773447866527,2.257221086387668,0.9202748979747948,19.2616
100,22410807.0,6902918.0,C1COCCN1C2=CC=C(C=C2)/C=N/NC(=S)NC3=CC=C(C=C3)S(=O)(=O)N4CCOCC4,1 0 0 0 0 0 0 0 0 0 0 0 1 1 0 0 1 0 0 0 0 0 0 0,-5.6,-7.6,-8.35,-8.1,,-7.6,-8.85,-7.15,,-6.1,-3.85,-5.35,-5.35,,-4.1,QC'd by Enamine,4.658749956123714,73.45796033435819,6.306404076657208,7.60714685170363,0.8416052444792279,0.7235457454768559,8.85
101,11114110.0,4197.0,CC1=C(C=C(C(=O)N1)C#N)C2=CC=NC=C2,0 0 0 0 0 0 0 0 1 0 0 0 0 0 0 0 0 0 0 0 0 0 0 0,-4,-1.8,-0.35,-1.65,,2.2,-0.9,-0.95,,0,0,1.1,-0.55,,-0.55,QC'd by Tocris,-1.2466409926243784,2.6286946404502585,-0.1762836732689541,15.175857923091684,,,4.0
102,24395283.0,16017379.0,CN(C1=CC=CC=C1)S(=O)(=O)C2=NN=C(S2)NC(=O)COC3=CC=CC=C3,,-1.25,-2.75,-1.65,-1.45,,-2.55,-1.85,-3.1,,-2.9,-4.2,-1.65,-2.55,,-3.1,QC'd by Sytravon,0.4584086733794819,-0.1246966804790656,14203.984528626614,8.2328696664277,0.7224932768157305,0.2441070909863059,4.2
103,57288369.0,681.0,C1=CC(=C(C=C1CCN)O)O,,-1.45,-0.65,-2.2,-0.9,,-0.9,-1.6,-2.75,,-3.7,-2.75,-2.35,-1.6,,-3.85,QC'd by NCGCChem,-0.0728402989085714,-0.1916123776229462,1828.6310185647749,9.539996638872534,0.7465290132852955,0.4617210963782232,3.85
104,24276261.0,15991496.0,C1COCCN1C2=C(C=C(C=C2)[N+](=O)[O-])C(=O)NC3=CC=CC(=C3)C4=NC5=CC=CC=C5O4,,-4.75,-2.4,-2.4,-1.85,,-1.5,-2.95,-1.65,,-1.85,-1.5,-2.25,-2.05,,-3.1,QC'd by Sytravon,3.9674035854842153,-0.0648387986879117,1.02246285211483e+27,-83.90236618868788,0.8420558378545554,0.0773881613212229,4.75
105,57288388.0,4185185.0,CCOC(=O)C1=NN(C(=O)C2=C(SC=C21)NC(=O)CC3=CC=CC=C3)C4=CC=C(C=C4)OC,1 0 0 0 0 0 0 0 0 0,,1.5898,0,,-1.5898,1.5898,1.5898,,3.1797,,5.5644,3.9746,1.5898,2.3847,,QC'd by NCGCChem,-5.328946683325924,2.675171559314199,-0.1762836732689541,15.175857923091684,,,1.5898
106,24819547.0,3842739.0,CN1C(=O)C=C(N1)CSC2=CC=C(C=C2)Cl,0 0 0 0 0 0 0 0 0 0 0 1 0 1 0 0 0 0 0 0 0 0 0 1,0.2,-1.4,-0.6,-3.05,,-4.65,-13.85,-13.9,,-8.5,-5.75,-4.9,-7.65,,-3.05,QC'd by Key Organics Ltd.,1.225380576312772,-12.426530113550388,0.8943242017847013,8.246110862613977,3.0823829242535488,0.5254766028769982,13.9
107,57288361.0,648952.0,CCOC(=O)C1=NN(C(=O)C(=C1C)C#N)C2=CC=CC=C2,,,1.6234,0.5411,,0,-0.5411,1.0823,,-1.0823,,-1.6234,-0.5411,0,-3.7879,,QC'd by NCGCChem,-2.7763147500876,-0.2261575192752251,407.5602566069345,10.062241697815276,0.9848313366447322,0.5374029892542835,3.7879
108,24272203.0,1047277.0,COC1=CC=C(C=C1)NC(=O)C2=C(SC3=C2CCCC3)NC(=O)CC4=CC=CC=C4,0 0 0 0 0 0 1 0 0 0,,-6.3593,-4.7695,,-4.7695,-3.1797,-3.1797,,-2.3847,,1.5898,-3.1797,-0.7949,-3.9746,,QC'd by Sytravon,5.084192331436493,3.811761882474784,-0.469481969089695,16.521216324717752,,,6.3593
109,57288384.0,25181370.0,CN1CCC2=C(C1)C(=C(S2)NC(=O)CC3=CC=CC=C3)C(=O)NC4=CC=C(C=C4)Cl,0 0 0 0 0 0 0 0 0 0,,2.3772,5.5468,,1.5848,7.1315,7.1315,,9.5087,,9.5087,7.1315,11.8859,22.9794,,QC'd by NCGCChem,-7.396239590712771,3.395996594853996,-0.4212468496876138,11.553896338073647,,,-1.5848
110,24383840.0,16007667.0,CC1=NOC(=C1S(=O)(=O)N2CCC(CC2)C(=O)NC3=CC(=C(C=C3)OC)Cl)/C=C/C4=CC=CS4,,-5.65,-5.45,-4.55,-5.25,,-9.85,-7.1,-9.1,,-9.3,-10.05,-8,-7.3,,-9.5,QC'd by Sytravon,9.957072395117956,2.067443158941869,-381.6747040688048,15.42374499555523,,,10.05
111,57288402.0,25181381.0,CCOC(=O)C1=NN(C(=O)C2=C(SC=C21)N)C3=CC=CC=C3F,0 0 0 0 0 0 0 0 0 0,,2.1402,1.0701,,2.6752,2.1402,1.6051,,-2.6752,,-18.1915,-17.1215,-13.3761,-12.8411,,QC'd by NCGCChem,15.380208753902291,15.853956854406992,3.806043481832112,-1.9354999617643005,1.5130331440882052,0.9671672747815012,18.1915
112,24275494.0,4201507.0,CC1=C(C2=C(N1C(=O)C3=CC=C(C=C3)Cl)C=CC(=C2)OC)CC(=O)NC4=CC=C(C=C4)C(=O)C,0 0 0 0 0 0 0 0 0 0 1 0 1 0 0 0 0 0 0 0 0 0 0 0,-4.2,-2.05,-2.4,-2.95,,-5.85,-8.75,-8.55,,-10.95,-10.15,-8.7,-12.2,,-10.55,QC'd by Sytravon,7.485791573604988,0.9915731626062838,-15.949551797199096,15.684317015724616,,,12.2
113,57288407.0,23878160.0,CCOC(=O)C1=C(SC2=C1CN(CC2)C)N,0 0 0 0 0 0 0 0 0 0,,0,-1.5881,,0.5294,-3.7057,-3.1763,,-4.7644,,-6.3526,-7.4113,-7.9407,-13.2345,,QC'd by Chembridge,-1.4771370565624649,-0.3551657621387561,3214.628448893506,69.67643120407641,1.0697916575836512,0.9265513306890216,13.2345
114,57288385.0,25181371.0,C1COCC2=C1C(=C(S2)NC(=O)CC3=CC=CC=C3)C(=O)NC4=CC=C(C=C4)Cl,0 0 0 0 0 0 0 0 1 0,,-2.3772,0,,-2.3772,0.7924,-4.7544,,0.7924,,-3.962,-6.3391,-0.7924,-15.8479,,QC'd by NCGCChem,2.11305554345672,-542.1147490954487,39.41903785387547,15.847899990083055,2.2690696574195828,0.7673104951510432,15.8479
115,57288370.0,3119666.0,C1CCC2=C(C1)C(=C(S2)NC(=O)CC3=CC=CC=C3)C(=O)NC4=CC=C(C=C4)Cl,0 0 0 0 0 0 0 0 0 0,,-3.9746,-2.3847,,-6.3593,-3.9746,-3.9746,,-3.1797,,0,1.5898,3.9746,0.7949,,QC'd by NCGCChem,32.94113368476721,7.393464328656332,1.01502962832181,7.33956394027048,2.604322293495778,0.953529469861654,34.8653
115,57288370.0,3119666.0,C1CCC2=C(C1)C(=C(S2)NC(=O)CC3=CC=CC=C3)C(=O)NC4=CC=C(C=C4)Cl,0 0 0 0 0 0 0 0 0 0,,-3.9746,-2.3847,,-6.3593,-3.9746,-3.9746,,-3.1797,,0,1.5898,3.9746,0.7949,,QC'd by NCGCChem,-1.5080281758006464,2.963714646943402,-22.678866595689268,15.175857923091684,,,6.3593
116,57288393.0,25181375.0,CCOC(=O)C1=NN(C(=O)C2=C(SC(=C21)C)N)C3=CC=CC=C3,0 0 0 0 0 0 0 0 0 0,,-5.3505,-5.3505,,-5.8855,-4.2804,-3.7453,,-2.1402,,-2.6752,-2.1402,-6.4205,-12.8411,,QC'd by NCGCChem,6.02700705506833,2.163277249122117,-1521.974425338859,15.984087448988912,,,12.8411
117,24415951.0,2916654.0,COC1=CC(=C(C=C1)OC)NC(=O)C2=C(SC3=C2CCCC3)NCC4=CC=CS4,0 0 0 0 0 0 0 0 0 0,,2.3847,5.5644,,5.5644,11.1288,12.7186,,15.8983,,15.1033,14.3084,13.5135,10.3339,,QC'd by Sytravon,-10.102297349565376,3.849974534459992,-0.4075653861825874,11.513906543387856,,,-2.3847
118,14729805.0,2971796.0,CC1=CC=C(C=C1)NC(=O)N2CCN(CC2)C3=CC=CC=N3,,-5.35,-7.35,-7.6,-8.9,,-9.4,-7.85,-6.1,,-8.35,-5.85,-6.6,-8.9,,-9.65,QC'd by DPISMR,7.378361858031869,-1.2943010265807295,335.33054528521814,21.0815232270559,1.2200648158440572,0.2180632525111461,9.65
119,24401281.0,16022892.0,CC1=CC=C(C=C1)NCC2=CC3=CC4=C(C=C3N(C2=O)CC(=O)NC5=CC=C(C=C5)C)OCCO4,,-3.65,-3.25,-4.7,-5.3,,-4.55,-6.2,-8.4,,-6,-8.75,-4.95,-3.25,,-7.5,QC'd by Sytravon,2.6264246674882115,-0.2558214692818393,-147.23744630710868,6.961316543928153,,,8.75
120,57288401.0,25181380.0,COC1=C(C=C(C=N1)C2=CC=CC=C2)N,0 0 0 0 0 0 0 0 0 0,,2.6752,2.1402,,3.2103,0,1.6051,,1.0701,,1.6051,-1.6051,-1.6051,-4.2804,,QC'd by NCGCChem,-2.3315074595193424,-0.7813527935949541,88.76387622502848,13.08423132428735,0.8813681287025014,0.8430582715160013,4.2804
121,57288408.0,11837074.0,CC1=C2C=NN(C(=O)C2=C(S1)NC(=O)C)C3=CC=CC=C3,0 0 0 0 0 0 0 0 0 0,,0,-1.6051,,-1.6051,-2.1402,-3.2103,,-3.7453,,-2.6752,-3.2103,-5.3505,-5.3505,,QC'd by Endotherm,-2.5675032716353954,4.770845974217482,-211.97765816187805,8.952484058244401,,,5.3505
122,57288363.0,3239066.0,C1CN(CCC1C(=O)NCC2=CN=CC=C2)S(=O)(=O)C3=CC=CS3,1 0 1 0 0 0 1 0 0 0 1 0 0 0 0 0 0 0 0 0 0 0 0 0,-2.75,-2.55,-1.95,-4.05,,-3.85,-4.45,-4.25,,-4.4,-5.2,-5.35,-4.45,,-5.75,QC'd by NCGCChem,-8.335988441363053,-0.0562084918519004,-15.228217075686956,14.607868805842216,,,5.75
123,57288377.0,1205057.0,C1=CC(=CC(=C1)Cl)C2=CC=C(O2)/C=C\3/C(=O)N(C(=S)S3)CC(=O)O,0 0 0 0 0 0 0 0 0 0 0 0 0 0 0 0 0 0 0 0 0 1 0 0,0.3,-0.1,-0.25,-1.05,,-1.6,-3.1,-4.25,,-4.25,-3.85,-6,-5.2,,-8.8,QC'd by NCGCChem,-3.268105298458197,-0.2517258883754422,188.03185914132015,21.940002132517098,0.5511401237606862,0.9563870668667676,8.8
124,17431920.0,2980171.0,COC1=CC2=C(C=C1)OC(=N2)C3=CC=C(C=C3)NC(=O)C4=CC(=C(C=C4)N5CCOCC5)[N+](=O)[O-],,-2.25,-3.55,-2.5,-4.15,,-4.4,-7.1,-7.4,,-4.95,-5.2,-6.8,-6,,-2.5,QC'd by ChemBridge,1.5675703631197826,-0.0080907939978688,-476.03434316750025,11.607126681550763,,,7.4
125,22402279.0,2248195.0,CC1=NN=C(S1)NC(=O)CN2C(=O)/C(=C\C3=CC(=CC=C3)OC)/SC2=S,0 0 0 0 0 0 0 0 0 0,,3.1797,0.7949,,1.5898,-0.7949,-0.7949,,-0.7949,,-5.5644,-7.9491,-11.1288,-24.6423,,QC'd by Life Chemicals,-1.7502194586456226,-0.7340161425205024,17519.635559765815,1722.518102571704,1.2816064204893372,0.9738390625547456,24.6423
126,50110739.0,24302.0,CC1=NC2=CC=CC=C2OC1=O,,-6.1,-7.35,-8.9,-6.9,,-5.1,-5.1,-5.1,,-4.1,-4.1,-6.6,-4.35,,-4.6,QC'd by BUCMLD,5.5187861367788855,2.796742983581403,-0.1762836732689541,15.175857923091684,,,8.9
127,57288382.0,3119678.0,C1CCC2=C(C1)C(=C(S2)NC(=O)CC3=CC=CC=C3)C(=O)NC4=CC(=CC=C4)Cl,0 0 0 0 0 0 0 0 0 0,,-8.744,-8.744,,-6.3593,-6.3593,-9.539,,-3.1797,,-2.3847,-1.5898,-1.5898,0.7949,,QC'd by NCGCChem,1.18322716212865,13.471713134452088,3.34885307769296,7.940943895710566,1.205729976351292,0.8776267906859637,9.539
128,26753630.0,16219029.0,C1=CC=C2C(=C1)C=CC(=N2)C3=CC=C(C=C3)N.Cl,0 0 0 0 0 0 0 0 1 0 0 0 0 0 0 0 0 0 0 0 0 0 0 0,0,-2.35,-0.7,-0.55,,13.85,0.2,0,,-2.55,-1.1,-1.25,-1.3,,-5.65,QC'd by SigmaAldrich,-1.3659356373113174,-1.049493125044619,29.86764198904286,7.141890205106052,4.025898875175649,0.1926476013374864,5.65
129,57288392.0,25181374.0,COC(=O)C1CCC2=C1C(=C(S2)N)C(=O)OCC3=CC=CC=C3,0 0 0 0 0 0 0 0 0 0,,-3.7879,-3.2468,,-5.4113,-5.9524,-4.8701,,-5.9524,,-7.0346,-7.5758,-9.1991,-11.9048,,QC'd by NCGCChem,3.754377927907252,-0.5157888473584721,2144.0920245628527,63.3001230683962,0.6194027201859833,0.9364553752532222,11.9048
130,24415772.0,4207696.0,CC(C)C1=CC=C(C=C1)NS(=O)(=O)C2=CC3=C(C=C2)NC=C(C3=O)C(=O)NCCC4=CC=CC=C4,0 0 0 0 0 0 0 0 0 0 1 0 1 0 0 0 0 0 0 0 0 0 0 0,-4,-2.95,-3.8,-3.5,,-7.1,-8.95,-12.05,,-10.6,-10.95,-12.2,-12.95,,-17.15,QC'd by Sytravon,19.52193841738957,0.4801752526784532,4.051696842006329,0.6753717975678726,1.1600544037392473,0.9298395623669437,17.15
131,24819545.0,1489523.0,CC1=CC=C(C=C1)SCC2=CC(=O)N(N2)C,0 0 0 0 0 0 0 1 1 0 0 0 0 0 0 0 1 0 0 0 0 0 0 1,-1.95,-4.15,-5.2,-2.8,,-8.2,-9,-7.1,,-8.75,-3.85,-7.65,-6.8,,-3.6,QC'd by Key Organics Ltd.,4.012699857048644,-0.093299566800064,-174.03838624314432,7.928085787768557,,,9.0
132,24272201.0,3119667.0,C1CCC2=C(C1)C(=C(S2)NC(=O)CC3=CC=CC=C3)C(=O)NC4=CC=C(C=C4)Br,0 0 0 0 0 0 0 0 0 0,,-6.3593,-4.7695,,-3.1797,-4.7695,-2.3847,,-3.9746,,-5.5644,-7.1542,-11.9237,-13.5135,,QC'd by Sytravon,4.297439808734485,-2.8151557715860664,18.57084643532391,13.984788995845864,1.0175995399589388,0.9137493572222584,13.5135
133,57288409.0,11837072.0,CC1=C2C=NN(C(=O)C2=C(S1)N)C3=CC=CC=C3,0 0 0 0 0 0 0 0 0 0,,-1.0701,0,,-0.535,-1.0701,-2.1402,,-2.6752,,-3.7453,-6.9556,-11.771,-17.1215,,QC'd by Endotherm,0.5478751329374261,-1.002660380981821,59.82051169870468,34.616239496929275,0.3759606603842093,0.9950704548718384,17.1215
134,24395227.0,16017325.0,CCN(C1=CC=CC=C1)S(=O)(=O)C2=NN=C(S2)NC(=O)C(C)(C)C,0 0 0 0 0 0 0 0 0 0 1 0 0 0 0 0 0 0 0 0 0 0 0 1,-0.4,-0.6,0.3,-1.35,,0,-2.95,-2.05,,-2.4,-3.7,-2.2,-4.6,,-5.3,QC'd by Sytravon,-0.5152330058146523,-0.3993953572201132,41.30647290437006,9.449932958615571,0.7647038688923277,0.8036980213620996,5.3
135,57288383.0,25181369.0,COC1=C(C=CC=C1Cl)NC(=O)C2=C(SC3=C2CCCC3)NC(=O)CC4=CC=CC=C4,1 0 0 0 0 0 0 0 0 1,,4.0355,0,,1.6142,4.0355,7.2639,,8.8781,,6.4568,3.2284,9.6852,4.0355,,QC'd by NCGCChem,-2.9823640755709557,3.6999905720365223,-0.4873417186824702,13.811360818970453,,,-0.0
136,57288391.0,2789721.0,COC(=O)C1CCC2=C1C(=C(S2)N)C(=O)OC,0 0 0 0 0 0 0 0 0 0,,-1.0823,1.0823,,-3.2468,-3.7879,-5.9524,,-5.9524,,-8.1169,-8.1169,-7.0346,-9.7403,,QC'd by NCGCChem,6.804434617437586,1.811197692088312,-433.11828549384376,15.200815054395171,,,9.7403
137,24272225.0,3119676.0,CC1CCC2=C(C1)SC(=C2C(=O)NC3=CC=C(C=C3)Cl)NC(=O)CC4=CC=CC=C4,0 0 0 0 0 0 0 0 0 0,,-5.6497,-4.0355,,-7.2639,-4.0355,-8.8781,,-4.0355,,-7.2639,-10.4923,-12.9136,-20.9847,,QC'd by Sytravon,91.96142356927244,1.104254099166413,226.2724061695022,5.454145943915518,1.5370493590916592,0.9056562813819758,20.9847
138,24395385.0,16017478.0,CC1=CC=C(C=C1)N(C)S(=O)(=O)C2=NN=C(S2)NC(=O)C3CCCCC3,0 0 0 0 0 1 0 0 0 0 0 0 0 0 0 0 0 0 0 0 0 0 0 0,-1.6,-1.65,9.1,-2.95,,-4.75,-5.3,-4.6,,-5.3,-5.15,-10.95,-6.95,,-6,QC'd by Sytravon,4.772945340288394,1.791234017105083,-5.3329852338960215,13.292166602405342,,,10.95
